name,metric,LSTM_PREPAD_ONEHOT,LSTM_PREPAD_EMBEDDED,LSTM_PREPAD_FREQBASED,LSTM_CONT_ONEHOT,LSTM_CONT_EMBEDDED,LSTM_CONT_FREQBASED,CNN_PREPAD_ONEHOT,CNN_PREPAD_EMBEDDED,CNN_PREPAD_FREQBASED,CNN_CONT_ONEHOT,CNN_CONT_EMBEDDED,CNN_CONT_FREQBASED,DT_PREPAD_ONEHOT,DT_PREPAD_EMBEDDED,DT_PREPAD_FREQBASED,DT_CONT_ONEHOT,DT_CONT_EMBEDDED,DT_CONT_FREQBASED
Flyer,Accuracy,89.81,90.14,90.14,89.3,89.3,86.99,90.14,90.31,89.31,89.3,88.59,87.64,88.86,88.85,88.85,88.49,88.49,88.49
Flyer,Precision,90.94,92.04,92.04,89.3,89.3,83.96,92.04,92.59,92.55,89.3,86.9,90.31,91.62,91.62,91.62,88.58,88.53,88.55
Flyer,Recall,89.81,90.14,90.14,89.3,89.3,86.99,90.14,90.31,89.31,89.3,88.59,87.64,88.86,88.85,88.85,88.49,88.49,88.49
Flyer,F1,88.97,88.75,88.75,89.3,89.3,85.11,88.75,88.64,87.93,89.3,87.59,87.67,86.91,86.91,86.92,88.5,88.5,88.5
L2,Accuracy,60.71,54.76,39.29,65.48,63.09,23.81,39.29,40.48,45.24,39.29,39.29,46.43,58.56,62.5,56.25,58.33,56.71,49.07
L2,Precision,60.42,43.81,22.4,61.68,63.09,13.1,22.78,21.75,32.63,15.8,18.47,29.83,60.19,70.53,62.89,62.05,62.9,54.86
L2,Recall,60.71,54.76,39.29,65.48,63.09,23.81,39.29,40.48,45.24,39.29,39.29,46.43,58.56,62.5,56.25,58.33,56.71,49.07
L2,F1,56.75,45.09,26.24,60.41,56.79,16.26,25.53,24.46,35.13,22.48,24.4,31.89,57.35,63.12,56.38,55.49,55.19,48.53
L4,Accuracy,81.64,81.64,67.8,83.05,81.64,73.16,76.55,55.37,75.71,66.95,57.63,68.64,75.31,78.73,75.36,73.6,73.17,75.74
L4,Precision,72.96,72.96,52.05,72.16,72.96,68.57,65.53,36.36,62.47,53.59,46.57,59.71,66.75,66.41,67.95,66.45,66.3,66.54
L4,Recall,81.64,81.64,67.8,83.05,81.64,73.16,76.55,55.37,75.71,66.95,57.63,68.64,75.31,78.73,75.36,73.6,73.17,75.74
L4,F1,76.19,76.19,57.46,76.42,76.19,69.62,69.49,42.29,67.22,57.8,49.81,62.34,69.36,70.93,69.9,68.79,68.55,69.65
L5,Accuracy,73.96,70.83,19.79,77.08,75.0,17.71,57.29,50.0,55.21,51.04,45.83,56.25,73.94,74.39,75.91,61.36,61.06,58.03
L5,Precision,70.13,65.17,19.6,66.18,62.78,14.43,35.01,27.38,39.06,30.63,26.17,31.64,70.8,76.47,73.97,64.07,61.49,66.88
L5,Recall,73.96,70.83,19.79,77.08,75.0,17.71,57.29,50.0,55.21,51.04,45.83,56.25,73.94,74.39,75.91,61.36,61.06,58.03
L5,F1,69.07,64.76,13.32,70.15,66.99,13.72,43.25,35.21,42.95,37.78,32.44,40.5,70.12,73.23,72.13,59.13,58.36,58.39
Act_labour,Accuracy,25.19,20.12,24.07,41.48,40.74,28.77,7.65,14.32,23.33,29.63,19.38,15.8,32.84,25.93,16.21,24.82,22.76,16.62
Act_labour,Precision,11.22,5.49,15.87,40.9,42.63,21.74,2.07,2.36,9.65,22.98,10.13,3.62,35.66,28.97,18.37,37.3,33.49,32.01
Act_labour,Recall,25.19,20.12,24.07,41.48,40.74,28.77,7.65,14.32,23.33,29.63,19.38,15.8,32.84,25.93,16.21,24.82,22.76,16.62
Act_labour,F1,13.98,7.5,17.69,39.07,39.28,23.54,2.34,4.01,12.36,22.97,11.25,5.7,33.22,26.3,16.74,28.4,25.52,20.57
Act_wkd,Accuracy,17.02,18.79,12.77,32.62,28.72,14.89,14.54,8.51,13.48,13.48,15.96,18.09,37.97,31.08,21.96,37.94,39.62,20.88
Act_wkd,Precision,19.42,4.69,9.52,36.81,33.33,9.88,5.22,1.46,2.57,5.37,2.84,3.84,40.33,31.41,22.1,49.84,49.9,31.98
Act_wkd,Recall,17.02,18.79,12.77,32.62,28.72,14.89,14.54,8.51,13.48,13.48,15.96,18.09,37.97,31.08,21.96,37.94,39.62,20.88
Act_wkd,F1,10.89,7.39,9.32,32.84,29.23,10.08,6.12,2.36,4.05,5.66,4.75,6.23,36.94,29.91,20.82,41.16,41.73,22.85
PD_3_1,Accuracy,57.69,39.74,23.08,69.23,82.05,23.08,44.87,20.51,23.08,30.77,21.8,23.08,96.06,95.83,0.0,96.06,96.06,0.0
PD_3_1,Precision,52.48,28.81,5.33,59.12,81.26,5.33,24.87,4.34,5.33,13.74,5.82,5.33,98.03,97.92,0.0,97.69,98.03,0.0
PD_3_1,Recall,57.69,39.74,23.08,69.23,82.05,23.08,44.87,20.51,23.08,30.77,21.8,23.08,96.06,95.83,0.0,96.06,96.06,0.0
PD_3_1,F1,50.21,30.6,8.65,61.68,79.66,8.65,30.73,7.14,8.65,17.53,8.76,8.65,96.19,95.83,0.0,96.05,96.19,0.0
PD_3_1,Time,4,20,4,3,17,,,,,,,,,,,,,
PD_3_4,Accuracy,73.48,60.77,17.99,86.48,86.38,18.9,63.72,11.28,17.07,73.17,9.86,17.07,83.69,83.54,0.0,78.96,79.42,0.0
PD_3_4,Precision,76.9,62.19,3.28,94.71,94.86,3.64,72.08,9.72,2.92,80.42,1.12,2.92,88.1,87.73,0.0,93.71,94.87,0.0
PD_3_4,Recall,73.48,60.77,17.99,86.48,86.38,18.9,63.72,11.28,17.07,73.17,9.86,17.07,83.69,83.54,0.0,78.96,79.42,0.0
PD_3_4,F1,72.69,57.7,5.53,87.65,87.48,6.09,62.8,3.84,4.98,73.74,1.98,4.98,85.05,85.03,0.0,84.01,84.44,0.0
PD_3_4,Time,71,24,4,53,,,,,,,,,,,,,,
PD_3_6,Accuracy,77.34,76.3,14.84,77.08,76.04,10.94,23.44,23.44,10.94,31.51,21.35,10.94,69.92,72.67,0.0,69.56,72.65,0.0
PD_3_6,Precision,78.27,76.58,2.36,76.83,77.17,1.2,5.49,5.49,1.2,16.65,4.78,1.2,78.42,76.78,0.0,80.44,76.83,0.0
PD_3_6,Recall,77.34,76.3,14.84,77.08,76.04,10.94,23.44,23.44,10.94,31.51,21.35,10.94,69.92,72.67,0.0,69.56,72.65,0.0
PD_3_6,F1,75.27,73.59,4.04,74.38,73.65,2.16,8.9,8.9,2.16,18.73,7.78,2.16,69.7,70.89,0.0,71.64,71.08,0.0
PD_3_6,Time,11,11,9,11,9,8,3,3,33,3,3,36,,,,,,
PD_3_10,Accuracy,91.48,92.59,13.7,91.85,92.22,13.52,20.0,20.0,11.11,21.85,20.0,11.11,90.23,91.34,0.0,91.62,90.23,0.0
PD_3_10,Precision,94.76,95.05,1.91,94.86,94.95,1.87,4.0,4.0,1.23,5.93,4.0,1.23,95.71,94.63,0.0,94.8,95.6,0.0
PD_3_10,Recall,91.48,92.59,13.7,91.85,92.22,13.52,20.0,20.0,11.11,21.85,20.0,11.11,90.23,91.34,0.0,91.62,90.23,0.0
PD_3_10,F1,90.97,92.05,3.34,91.33,91.69,3.27,6.67,6.67,2.22,8.63,6.67,2.22,90.36,90.4,0.0,90.6,90.21,0.0
PD_3_10,Time,14,14,12,16,12,15,3,4,57,3,4,60,0,0,0,0,0,0
PD_4_1,Accuracy,77.74,66.44,6.51,71.8,71.58,7.31,12.9,7.88,6.85,19.63,7.88,6.85,69.64,68.77,0.0,66.9,66.55,0.0
PD_4_1,Precision,79.21,67.64,0.43,72.58,73.45,0.54,4.85,1.32,0.47,13.0,1.2,0.47,78.66,75.67,0.0,74.12,73.41,0.0
PD_4_1,Recall,77.74,66.44,6.51,71.8,71.58,7.31,12.9,7.88,6.85,19.63,7.88,6.85,69.64,68.77,0.0,66.9,66.55,0.0
PD_4_1,F1,76.07,63.77,0.8,70.61,70.24,1.0,5.61,1.77,0.88,13.75,1.35,0.88,72.34,70.79,0.0,68.93,68.47,0.0
PD_4_1,Time,12,13,14,11,13,13,5,5,85,7,4,69,0,0,0,0,0,0
Pdc_2021_0,Accuracy,79.59,78.16,64.61,79.23,77.84,74.24,79.43,72.57,72.53,79.23,42.28,79.34,75.67,75.17,75.38,73.38,73.57,73.63
Pdc_2021_0,Precision,74.65,73.2,59.02,73.97,71.97,67.32,75.82,67.97,68.86,73.79,36.4,74.15,76.5,75.55,75.94,73.26,72.97,73.35
Pdc_2021_0,Recall,79.59,78.16,64.61,79.23,77.84,74.24,79.43,72.57,72.53,79.23,42.28,79.34,75.67,75.17,75.38,73.38,73.57,73.63
Pdc_2021_0,F1,75.43,74.13,58.87,74.85,73.16,68.7,75.86,68.05,68.56,74.8,36.29,75.03,75.26,74.75,75.02,72.35,72.33,72.48
Pdc_2021_1,Accuracy,77.89,75.74,71.24,77.56,75.36,73.15,77.78,76.33,77.7,77.29,45.05,77.42,72.84,72.58,72.44,70.61,70.71,70.59
Pdc_2021_1,Precision,75.09,72.18,67.81,74.69,70.52,67.22,76.89,74.37,77.55,73.18,38.73,77.04,76.41,76.22,76.35,73.74,73.84,74.91
Pdc_2021_1,Recall,77.89,75.74,71.24,77.56,75.36,73.15,77.78,76.33,77.7,77.29,45.05,77.42,72.84,72.58,72.44,70.61,70.71,70.59
Pdc_2021_1,F1,73.99,71.47,65.99,73.35,70.9,68.21,74.29,72.76,74.3,73.1,38.12,73.49,72.79,72.66,72.46,70.42,70.5,70.33
Pdc_2021_1,Time,216,430,617,36,70,542,340,595,522,149,127,645,1,10,0,0,2,0
PD_4_2,Accuracy,85.45,89.32,73.09,90.02,86.5,83.93,90.04,85.29,87.72,90.28,88.02,89.98,86.59,86.7,86.38,86.44,86.44,88.48
PD_4_2,Precision,88.35,89.11,72.2,89.61,84.46,79.45,90.23,85.73,88.85,90.52,86.9,87.0,93.58,94.52,93.97,94.0,94.0,88.61
PD_4_2,Recall,85.45,89.32,73.09,90.02,86.5,83.93,90.04,85.29,87.72,90.28,88.02,89.98,86.59,86.7,86.38,86.44,86.44,88.48
PD_4_2,F1,83.96,88.05,70.12,88.8,84.27,80.66,88.94,83.82,86.46,89.11,86.49,88.0,88.86,89.03,88.82,88.87,88.84,88.53
PD_4_2,Time,119,161,57,23,22,58,138,171,107,49,59,96,0,0,0,0,0,0
PD_4_3,Accuracy,47.82,46.54,39.7,46.33,42.47,35.34,40.78,26.54,47.8,43.39,32.61,40.1,29.32,27.57,30.14,25.88,25.54,21.12
PD_4_3,Precision,41.85,41.84,35.39,40.09,36.07,30.68,40.53,20.71,47.29,37.65,30.69,37.78,34.32,33.49,45.81,39.12,38.93,41.11
PD_4_3,Recall,47.82,46.54,39.7,46.33,42.47,35.34,40.78,26.54,47.8,43.39,32.61,40.1,29.32,27.57,30.14,25.88,25.54,21.12
PD_4_3,F1,41.64,41.19,34.56,40.17,36.54,30.38,37.34,18.62,42.34,38.45,26.18,35.01,31.09,29.78,35.32,29.95,29.69,26.69
PD_4_3,Time,121,210,113,19,29,72,115,166,73,46,57,94,0,0,0,0,0,0
PD_4_4,Accuracy,70.87,69.95,55.98,71.42,67.9,67.16,68.22,54.54,69.04,70.49,48.47,68.09,64.9,66.17,59.52,60.71,61.25,62.73
PD_4_4,Precision,68.94,66.63,53.68,66.23,67.43,62.09,69.82,55.77,67.69,67.16,49.37,64.45,67.76,68.23,65.03,67.09,65.72,66.82
PD_4_4,Recall,70.87,69.95,55.98,71.42,67.9,67.16,68.22,54.54,69.04,70.49,48.47,68.09,64.9,66.17,59.52,60.71,61.25,62.73
PD_4_4,F1,67.88,66.05,50.79,67.04,64.98,62.69,66.69,50.9,66.13,66.75,42.74,64.02,65.79,66.69,61.26,61.57,61.3,62.18
PD_4_4,Time,252,533,58,19,22,42,253,273,81,57,39,75,0,1,0,0,0,0
PD_4_5,Accuracy,87.26,75.05,66.67,87.05,86.41,67.52,18.58,9.66,18.05,74.42,6.79,8.92,82.77,84.05,83.89,83.58,83.41,65.24
PD_4_5,Precision,83.59,73.42,66.9,84.92,83.21,67.51,4.67,2.8,10.54,69.7,0.54,0.8,82.97,85.28,84.3,79.64,80.34,71.86
PD_4_5,Recall,87.26,75.05,66.67,87.05,86.41,67.52,18.58,9.66,18.05,74.42,6.79,8.92,82.77,84.05,83.89,83.58,83.41,65.24
PD_4_5,F1,83.67,70.64,63.27,84.37,83.0,63.36,7.09,3.27,9.73,69.88,0.99,1.46,81.42,83.0,82.63,80.03,80.37,65.97
PD_4_5,Time,31,27,24,14,14,28,10,10,9,25,7,9,0,0,0,0,0,0
PD_4_6,Accuracy,87.26,75.05,66.67,87.05,86.41,67.52,18.58,9.66,18.05,74.42,6.79,8.92,82.77,84.05,83.89,83.58,83.41,65.24
PD_4_6,Precision,83.59,73.42,66.9,84.92,83.21,67.51,4.67,2.8,10.54,69.7,0.54,0.8,82.97,85.28,84.3,79.64,80.34,71.86
PD_4_6,Recall,87.26,75.05,66.67,87.05,86.41,67.52,18.58,9.66,18.05,74.42,6.79,8.92,82.77,84.05,83.89,83.58,83.41,65.24
PD_4_6,F1,83.67,70.64,63.27,84.37,83.0,63.36,7.09,3.27,9.73,69.88,0.99,1.46,81.42,83.0,82.63,80.03,80.37,65.97
PD_4_6,Time,31,27,24,14,14,28,10,10,9,25,7,9,0,0,0,0,0,0
PD_4_10,Accuracy,88.23,78.34,81.77,87.55,88.23,75.37,88.37,77.51,88.14,87.89,75.08,75.78,87.48,87.51,89.04,88.5,88.5,69.04
PD_4_10,Precision,85.74,71.26,79.01,85.51,85.74,77.85,85.87,74.83,85.83,85.63,72.06,77.79,88.37,88.63,87.22,87.77,87.79,88.33
PD_4_10,Recall,88.23,78.34,81.77,87.55,88.23,75.37,88.37,77.51,88.14,87.89,75.08,75.78,87.48,87.51,89.04,88.5,88.5,69.04
PD_4_10,F1,85.14,73.67,78.16,84.3,85.14,72.48,85.51,74.07,85.09,84.72,70.55,72.81,86.98,87.11,86.84,87.3,87.3,74.56
PD_4_10,Time,102,113,62,24,30,62,116,152,83,62,56,88,0,0,0,0,0,0
PD_5_1,Accuracy,61.15,61.32,36.95,57.91,55.35,42.32,58.62,52.05,62.51,55.55,55.15,57.99,50.53,50.96,53.31,47.29,48.83,46.09
PD_5_1,Precision,62.82,61.17,36.03,56.23,52.15,41.14,59.88,46.28,63.78,54.91,53.02,56.34,57.65,58.11,66.86,53.69,55.25,55.22
PD_5_1,Recall,61.15,61.32,36.95,57.91,55.35,42.32,58.62,52.05,62.51,55.55,55.15,57.99,50.53,50.96,53.31,47.29,48.83,46.09
PD_5_1,F1,59.26,57.89,32.62,54.63,50.86,37.31,56.33,45.69,60.3,52.71,50.74,54.96,52.46,52.77,56.95,48.12,49.82,47.12
PD_5_1,Time,104,126,92,21,20,83,117,144,130,37,51,223,0,0,0,0,0,0
PD_5_2,Accuracy,64.5,66.22,60.29,61.77,61.03,55.05,66.39,62.95,66.29,61.48,59.88,56.39,60.03,59.83,56.85,50.4,50.56,41.12
PD_5_2,Precision,63.98,67.99,59.37,60.97,59.35,50.52,67.84,63.01,67.05,61.21,59.86,53.65,67.5,67.03,71.15,59.53,59.15,49.96
PD_5_2,Recall,64.5,66.22,60.29,61.77,61.03,55.05,66.39,62.95,66.29,61.48,59.88,56.39,60.03,59.83,56.85,50.4,50.56,41.12
PD_5_2,F1,60.9,64.41,55.95,59.15,57.93,50.51,64.9,60.76,64.64,58.68,57.06,52.98,62.35,62.07,61.14,51.98,52.08,44.45
PD_5_2,Time,600,1683,641,78,142,471,670,1348,753,347,274,925,2,4,0,0,1,0
PD_5_3,Accuracy,35.76,33.17,32.84,27.87,28.12,23.85,30.43,26.13,34.46,27.24,27.87,26.71,16.27,14.22,15.49,10.48,9.93,6.07
PD_5_3,Precision,32.3,26.24,29.64,21.92,21.79,18.1,24.45,18.69,32.22,21.32,21.35,21.6,17.8,16.12,20.19,19.49,19.05,19.56
PD_5_3,Recall,35.76,33.17,32.84,27.87,28.12,23.85,30.43,26.13,34.46,27.24,27.87,26.71,16.27,14.22,15.49,10.48,9.93,6.07
PD_5_3,F1,30.64,27.22,27.61,22.99,22.97,18.37,25.51,20.01,30.69,22.41,22.17,22.08,16.89,15.0,17.27,13.28,12.77,8.8
PD_5_3,Time,1917,3079,1744,103,170,768,1472,2109,1112,430,787,928,12,37,0,0,2,0
Sepsis_log,Accuracy,62.45,63.73,55.23,59.34,58.48,49.22,62.68,59.63,55.91,59.28,55.25,54.29,55.77,54.74,50.1,48.28,48.26,43.25
Sepsis_log,Precision,62.35,62.99,54.89,58.72,58.75,49.28,62.27,59.66,56.35,60.44,57.83,53.23,64.08,62.83,64.37,70.51,69.97,58.77
Sepsis_log,Recall,62.45,63.73,55.23,59.34,58.48,49.22,62.68,59.63,55.91,59.28,55.25,54.29,55.77,54.74,50.1,48.28,48.26,43.25
Sepsis_log,F1,61.17,62.39,51.41,57.24,57.57,46.17,61.76,58.03,52.97,58.61,51.78,52.36,59.27,58.17,55.54,55.56,55.44,48.69
Sepsis_log,Time,3790,4561,411,121,136,245,1660,2257,278,237,234,463,2,5,0,0,0,0
L6,Accuracy,54.76,52.38,30.95,57.14,26.19,42.86,9.52,14.29,14.29,11.91,14.29,14.29,72.5,81.67,77.5,77.5,76.67,77.5
L6,Precision,45.73,43.5,31.16,47.48,15.73,34.27,2.21,2.1,5.52,2.38,2.04,7.7,71.25,76.67,67.64,75.83,75.0,67.64
L6,Recall,54.76,52.38,30.95,57.14,26.19,42.86,9.52,14.29,14.29,11.91,14.29,14.29,72.5,81.67,77.5,77.5,76.67,77.5
L6,F1,46.87,43.02,26.05,48.11,17.86,34.82,3.37,3.66,7.14,3.9,3.57,7.7,70.28,78.33,71.11,76.39,75.56,71.11
L6,Time,10,8,8,8,8,8,5,5,4,5,4,3,0,0,0,0,0,0
Pdc_2021_3,Accuracy,77.59,75.05,67.58,76.57,74.74,67.46,77.5,75.08,77.84,76.44,53.02,76.61,70.34,70.39,71.91,68.41,68.51,68.98
Pdc_2021_3,Precision,74.74,73.04,62.14,74.33,70.44,61.12,76.3,72.8,77.21,73.96,44.34,74.44,76.56,77.21,78.48,74.01,73.19,74.86
Pdc_2021_3,Recall,77.59,75.05,67.58,76.57,74.74,67.46,77.5,75.08,77.84,76.44,53.02,76.61,70.34,70.39,71.91,68.41,68.51,68.98
Pdc_2021_3,F1,73.89,71.07,62.33,72.78,70.18,61.73,74.4,71.96,74.9,72.59,45.53,72.89,70.94,71.09,72.4,68.69,68.73,68.86
Pdc_2021_3,Time,357,703,772,94,107,808,378,591,456,192,125,494,1,11,0,0,2,0
Pdc_2021_4,Accuracy,77.38,75.03,71.84,76.95,74.33,68.3,77.65,75.17,77.71,77.17,52.82,77.09,71.04,71.01,72.27,69.2,69.64,70.37
Pdc_2021_4,Precision,75.95,70.6,65.41,75.83,69.95,62.75,77.88,72.66,79.15,74.27,46.02,75.46,77.43,77.98,79.03,75.39,75.48,76.96
Pdc_2021_4,Recall,77.38,75.03,71.84,76.95,74.33,68.3,77.65,75.17,77.71,77.17,52.82,77.09,71.04,71.01,72.27,69.2,69.64,70.37
Pdc_2021_4,F1,73.31,70.39,66.61,72.78,69.45,62.69,74.49,71.36,74.33,72.69,46.24,72.69,71.59,71.63,72.46,69.58,69.78,70.17
Pdc_2021_4,Time,358,582,967,84,119,545,410,519,493,255,174,486,2,10,0,0,2,0
L7,Accuracy,25.0,41.67,25.0,25.0,33.33,25.0,25.0,25.0,33.33,25.0,41.67,25.0,41.67,44.44,47.22,47.22,47.22,33.33
L7,Precision,6.25,22.92,6.25,6.25,31.94,6.25,6.25,6.25,14.58,6.25,22.92,6.25,51.85,44.91,50.46,48.15,43.52,43.06
L7,Recall,25.0,41.67,25.0,25.0,33.33,25.0,25.0,25.0,33.33,25.0,41.67,25.0,41.67,44.44,47.22,47.22,47.22,33.33
L7,F1,10.0,28.09,10.0,10.0,23.33,10.0,10.0,10.0,19.05,10.0,28.09,10.0,44.07,42.22,45.0,45.56,42.22,35.19
L7,Time,7,8,8,8,8,8,4,5,5,6,6,5,0,0,0,0,0,0
Pdc_2021_10,Accuracy,80.38,78.26,68.14,79.16,77.86,73.4,80.33,79.04,80.14,79.61,62.23,79.28,77.71,77.06,77.69,75.27,75.67,76.0
Pdc_2021_10,Precision,76.41,74.13,63.32,76.56,74.38,70.87,77.64,74.65,78.23,76.03,55.69,76.16,77.09,77.05,77.36,75.96,76.47,75.47
Pdc_2021_10,Recall,80.38,78.26,68.14,79.16,77.86,73.4,80.33,79.04,80.14,79.61,62.23,79.28,77.71,77.06,77.69,75.27,75.67,76.0
Pdc_2021_10,F1,76.49,74.53,62.99,75.36,74.24,69.03,77.16,74.91,76.89,75.66,56.2,75.56,75.86,75.64,76.13,73.84,74.14,74.12
Pdc_2021_10,Time,367,588,574,89,97,514,506,727,580,214,143,625,1,5,0,0,1,0
Helpdesk,Accuracy,80.07,79.65,78.63,80.02,78.75,78.86,80.2,79.7,79.45,79.74,79.67,79.26,78.69,78.75,77.34,78.95,78.95,78.15
Helpdesk,Precision,73.48,72.46,70.98,74.76,72.43,71.77,72.96,72.39,72.57,72.58,72.56,72.34,75.8,76.17,77.07,77.37,77.84,76.76
Helpdesk,Recall,80.07,79.65,78.63,80.02,78.75,78.86,80.2,79.7,79.45,79.74,79.67,79.26,78.69,78.75,77.34,78.95,78.95,78.15
Helpdesk,F1,75.38,74.94,73.71,75.48,74.07,74.13,75.46,74.93,74.71,75.04,74.91,74.55,74.92,74.89,73.86,74.88,74.89,74.3
Helpdesk,Time,266,380,218,92,93,232,326,460,511,319,310,401,0,0,0,0,0,0
Pdc_2021_13,Accuracy,76.97,75.13,53.57,76.83,74.24,67.34,77.46,74.38,78.11,76.69,58.09,76.67,70.78,71.04,71.67,68.2,68.47,69.03
Pdc_2021_13,Precision,74.78,73.93,50.66,74.41,73.66,65.41,76.77,73.1,78.19,74.57,55.21,75.79,77.06,76.46,77.91,75.23,75.35,75.28
Pdc_2021_13,Recall,76.97,75.13,53.57,76.83,74.24,67.34,77.46,74.38,78.11,76.69,58.09,76.67,70.78,71.04,71.67,68.2,68.47,69.03
Pdc_2021_13,F1,73.24,72.14,48.39,73.09,71.08,63.65,74.91,71.1,75.34,73.3,52.44,73.37,71.4,71.54,71.99,68.96,69.23,69.37
Pdc_2021_13,Time,396,549,579,90,135,704,426,552,533,237,200,412,1,7,0,0,1,0
Pdc_2021_11,Accuracy,74.72,75.92,69.24,77.39,74.72,70.96,78.19,76.32,77.78,77.51,62.88,77.34,70.03,68.16,69.4,68.39,70.16,70.65
Pdc_2021_11,Precision,72.09,71.89,66.3,74.33,71.41,68.19,76.12,74.24,77.87,74.32,58.72,74.6,75.59,75.83,76.75,74.0,73.74,75.24
Pdc_2021_11,Recall,74.72,75.92,69.24,77.39,74.72,70.96,78.19,76.32,77.78,77.51,62.88,77.34,70.03,68.16,69.4,68.39,70.16,70.65
Pdc_2021_11,F1,70.71,72.14,64.44,73.73,70.4,66.64,75.01,72.95,74.82,73.82,57.66,73.07,70.95,69.76,70.7,68.8,70.01,70.22
Pdc_2021_11,Time,335,515,829,82,108,531,421,628,575,228,130,661,1,6,0,0,1,0
PD_3_7,Accuracy,23.9,18.96,26.23,22.08,18.96,15.84,17.4,17.92,23.38,15.84,13.51,15.58,16.29,15.65,25.09,13.99,14.99,5.86
PD_3_7,Precision,24.54,19.81,28.03,23.25,18.44,16.29,14.36,5.81,13.42,10.13,2.04,4.98,22.7,16.8,34.94,16.46,20.0,15.07
PD_3_7,Recall,23.9,18.96,26.23,22.08,18.96,15.84,17.4,17.92,23.38,15.84,13.51,15.58,16.29,15.65,25.09,13.99,14.99,5.86
PD_3_7,F1,23.33,18.22,23.89,21.76,17.89,14.28,10.93,7.41,13.97,8.37,3.51,5.91,18.11,15.48,28.34,14.6,16.55,7.91
PD_3_7,Time,14,15,19,11,12,17,7,6,8,8,5,6,0,0,0,0,0,0
PD_4_7,Accuracy,29.1,28.02,30.99,17.81,17.78,19.22,22.79,15.8,32.67,17.48,12.4,18.59,13.98,13.0,23.36,7.1,7.03,2.93
PD_4_7,Precision,27.74,22.73,26.93,12.9,9.75,12.54,16.69,9.17,31.8,12.89,5.98,14.17,16.45,14.79,31.35,11.93,11.22,11.72
PD_4_7,Recall,29.1,28.02,30.99,17.81,17.78,19.22,22.79,15.8,32.67,17.48,12.4,18.59,13.98,13.0,23.36,7.1,7.03,2.93
PD_4_7,F1,24.75,21.06,24.08,14.12,10.78,13.12,16.74,9.25,28.91,12.46,5.82,13.26,14.85,13.68,26.39,8.69,8.48,4.44
PD_4_7,Time,55,106,148,24,33,111,41,62,86,37,36,92,0,0,0,0,0,0
PD_4_8,Accuracy,62.59,56.17,54.91,58.18,54.7,56.78,58.2,48.58,59.2,57.84,33.24,57.73,55.89,55.18,46.4,51.52,51.94,50.36
PD_4_8,Precision,61.28,56.25,53.38,56.11,51.69,51.15,58.26,50.39,57.91,54.97,32.92,52.72,58.12,57.44,51.95,60.62,59.64,60.11
PD_4_8,Recall,62.59,56.17,54.91,58.18,54.7,56.78,58.2,48.58,59.2,57.84,33.24,57.73,55.89,55.18,46.4,51.52,51.94,50.36
PD_4_8,F1,58.44,53.59,51.49,54.42,50.65,51.32,55.35,45.35,54.1,52.74,26.62,51.66,56.51,55.98,48.16,53.53,53.53,51.0
PD_4_8,Time,1043,1690,249,49,52,216,391,538,162,73,78,212,1,2,0,0,0,0
Running,Accuracy,20.0,22.5,7.5,35.0,32.5,32.5,10.0,5.0,22.5,2.5,7.5,10.0,46.67,50.83,33.33,42.5,48.33,45.0
Running,Precision,19.5,8.44,1.88,23.08,15.21,23.17,8.38,0.62,8.39,7.5,1.56,6.0,41.11,47.08,26.67,41.94,43.33,35.69
Running,Recall,20.0,22.5,7.5,35.0,32.5,32.5,10.0,5.0,22.5,2.5,7.5,10.0,46.67,50.83,33.33,42.5,48.33,45.0
Running,F1,18.79,12.27,3.0,25.57,19.76,20.04,9.02,1.11,12.18,3.75,2.56,7.5,42.78,48.33,28.33,40.83,45.0,38.61
Running,Time,10,8,7,10,8,7,4,3,5,5,5,4,0,0,0,0,0,0
L1_lin,Accuracy,64.39,39.39,21.21,62.88,63.64,14.39,9.09,13.64,13.64,11.36,11.36,11.36,70.38,69.83,71.51,71.51,69.83,71.53
L1_lin,Precision,55.24,31.51,6.47,55.36,53.27,5.91,1.65,1.96,2.1,2.32,1.4,1.4,60.13,58.22,61.38,61.45,61.78,60.08
L1_lin,Recall,64.39,39.39,21.21,62.88,63.64,14.39,9.09,13.64,13.64,11.36,11.36,11.36,70.38,69.83,71.51,71.51,69.83,71.53
L1_lin,F1,56.43,32.02,9.71,54.26,55.57,7.97,2.63,3.42,3.61,3.66,2.47,2.47,63.49,61.67,63.62,64.33,63.06,63.67
L1_lin,Time,16,9,9,13,13,11,5,5,5,5,6,7,0,0,0,0,0,0
L1_pll,Accuracy,85.61,63.64,18.94,81.82,68.18,11.36,10.61,14.39,10.61,12.88,9.09,6.82,88.94,88.94,88.94,88.94,88.94,88.94
L1_pll,Precision,80.65,61.02,6.69,76.86,65.09,1.4,1.41,2.36,2.25,6.56,0.93,0.49,82.78,82.78,82.78,82.78,82.78,82.78
L1_pll,Recall,85.61,63.64,18.94,81.82,68.18,11.36,10.61,14.39,10.61,12.88,9.09,6.82,88.94,88.94,88.94,88.94,88.94,88.94
L1_pll,F1,82.05,59.51,8.73,77.92,63.52,2.5,2.44,4.02,3.52,6.99,1.67,0.91,84.99,84.99,84.99,84.99,84.99,84.99
L1_pll,Time,27,13,10,16,10,6,3,3,3,4,3,3,0,0,0,0,0,0
Bpi_2012,Accuracy,76.94,76.95,69.96,75.73,75.81,72.97,77.52,77.54,73.67,75.97,75.98,74.2,71.79,71.6,65.24,72.18,72.12,69.32
Bpi_2012,Precision,75.48,74.48,68.98,74.55,74.22,71.71,75.77,76.25,74.13,74.13,75.41,73.4,75.06,75.04,75.08,77.75,77.76,76.5
Bpi_2012,Recall,76.94,76.95,69.96,75.73,75.81,72.97,77.52,77.54,73.67,75.97,75.98,74.2,71.79,71.6,65.24,72.18,72.12,69.32
Bpi_2012,F1,72.21,72.39,64.74,71.4,71.29,68.27,72.93,72.84,69.0,71.54,71.29,69.37,70.58,70.38,66.47,70.97,70.92,68.59
Bpi_2012,Time,10020,11938,1549,727,861,3251,4831,4714,2184,732,825,2152,35,70,1,1,5,1
Nasa_log,Accuracy,75.01,74.67,62.84,72.49,72.34,60.2,74.58,73.87,71.52,72.73,72.19,63.07,68.64,67.98,65.87,65.85,65.76,54.68
Nasa_log,Precision,77.16,76.31,63.1,75.98,74.92,60.0,77.46,75.33,73.55,76.93,75.14,66.05,82.55,81.44,80.36,84.94,84.87,74.31
Nasa_log,Recall,75.01,74.67,62.84,72.49,72.34,60.2,74.58,73.87,71.52,72.73,72.19,63.07,68.64,67.98,65.87,65.85,65.76,54.68
Nasa_log,F1,74.18,73.33,60.6,71.5,71.19,58.36,73.87,72.89,70.62,71.73,70.93,61.96,72.05,71.24,69.52,70.51,70.46,59.08
Nasa_log,Time,1731,1355,3313,325,308,1309,869,1063,1425,593,706,1466,4,24,0,1,4,0
Pdc_2021_2,Accuracy,78.49,76.7,67.57,78.1,76.41,73.32,78.68,74.62,78.55,78.06,52.35,78.69,73.51,73.5,72.86,71.05,71.14,71.11
Pdc_2021_2,Precision,76.11,72.69,63.61,74.11,72.51,66.76,75.21,70.43,77.44,74.67,43.84,75.64,76.43,76.39,76.61,73.38,73.55,72.71
Pdc_2021_2,Recall,78.49,76.7,67.57,78.1,76.41,73.32,78.68,74.62,78.55,78.06,52.35,78.69,73.51,73.5,72.86,71.05,71.14,71.11
Pdc_2021_2,F1,75.02,72.76,62.82,74.24,72.16,67.98,75.32,70.85,75.46,74.11,44.84,75.23,73.78,73.73,73.34,70.98,71.05,70.78
Pdc_2021_2,Time,234,501,525,77,110,467,145,191,273,80,65,274,1,9,0,0,1,0
Ccc19_log,Accuracy,23.53,3.68,12.01,53.92,53.43,6.62,25.74,1.72,5.88,33.58,4.66,2.94,46.95,41.39,42.7,48.8,45.86,43.8
Ccc19_log,Precision,24.2,0.14,9.04,58.56,63.53,1.36,24.81,0.05,1.51,38.23,0.24,0.09,49.75,44.78,47.27,53.17,49.51,50.86
Ccc19_log,Recall,23.53,3.68,12.01,53.92,53.43,6.62,25.74,1.72,5.88,33.58,4.66,2.94,46.95,41.39,42.7,48.8,45.86,43.8
Ccc19_log,F1,20.4,0.26,7.41,52.75,52.64,1.85,22.44,0.1,2.01,32.58,0.45,0.17,46.11,40.17,42.23,48.66,46.05,44.43
Ccc19_log,Time,33,18,24,12,12,14,34,15,10,12,6,10,0,0,0,0,0,0
Pdc_2020_0,Accuracy,57.38,52.97,55.66,53.42,41.11,53.29,56.38,55.84,57.88,54.91,33.98,54.49,47.08,46.93,45.38,41.67,41.7,43.05
Pdc_2020_0,Precision,56.5,52.93,51.89,50.44,41.82,49.63,57.06,54.76,54.59,49.89,42.41,51.1,56.79,55.88,58.35,52.29,54.25,54.7
Pdc_2020_0,Recall,57.38,52.97,55.66,53.42,41.11,53.29,56.38,55.84,57.88,54.91,33.98,54.49,47.08,46.93,45.38,41.67,41.7,43.05
Pdc_2020_0,F1,55.2,49.8,51.8,50.33,35.99,49.36,53.9,52.69,53.36,50.13,30.56,50.56,49.34,49.2,47.8,43.17,43.53,44.32
Pdc_2020_0,Time,207,238,327,133,70,334,353,470,457,291,182,550,0,1,0,0,0,0
Pdc_2020_1,Accuracy,54.8,53.37,52.4,51.43,50.97,51.91,53.56,47.27,54.68,52.14,42.76,52.38,44.96,43.95,43.52,40.69,40.96,40.4
Pdc_2020_1,Precision,55.09,52.81,48.3,50.37,47.51,48.66,52.72,47.7,51.4,46.94,43.08,48.94,54.2,53.36,59.53,52.51,52.55,53.53
Pdc_2020_1,Recall,54.8,53.37,52.4,51.43,50.97,51.91,53.56,47.27,54.68,52.14,42.76,52.38,44.96,43.95,43.52,40.69,40.96,40.4
Pdc_2020_1,F1,51.95,50.57,47.34,47.95,47.49,48.39,50.21,43.98,49.88,47.3,38.74,48.65,47.43,46.52,46.76,42.75,43.04,42.41
Pdc_2020_1,Time,222,357,389,98,111,445,257,390,402,304,220,524,0,1,0,0,0,0
Traffic_fine,Accuracy,81.38,81.37,81.15,81.41,81.41,81.36,81.47,81.46,81.46,81.43,81.44,81.43,81.11,81.11,81.09,81.07,81.07,81.08
Traffic_fine,Precision,80.79,80.73,80.54,80.61,80.81,80.81,80.7,80.72,80.71,80.61,80.7,80.63,81.54,81.39,81.17,81.19,81.28,81.35
Traffic_fine,Recall,81.38,81.37,81.15,81.41,81.41,81.36,81.47,81.46,81.46,81.43,81.44,81.43,81.11,81.11,81.09,81.07,81.07,81.08
Traffic_fine,F1,75.62,75.59,75.44,75.69,75.64,75.52,75.78,75.77,75.77,75.74,75.73,75.73,75.24,75.25,75.22,75.18,75.17,75.18
Traffic_fine,Time,2683,2650,2052,1035,952,2163,4076,3343,3967,1810,1945,3133,3,5,0,1,2,0
