Act_labour,Accuracy,0.25185;0.07014,0.20123;0.0285,0.24074;0.05813,0.41481;0.0253,0.40741;0.02994,0.28765;0.02719,0.07654;0.03219,0.14321;0.05521,0.23333;0.05523,0.2963;0.09808,0.19383;0.12552,0.15802;0.06367,0.32838;0.03939,0.25928;0.04066,0.16213;0.04244,0.24821;0.04111,0.22761;0.02207,0.16619;0.02921
Act_labour,Precision,0.11218;0.07168,0.05486;0.02421,0.15871;0.02406,0.409;0.05397,0.42627;0.03258,0.21736;0.0452,0.02073;0.02626,0.02356;0.01412,0.09654;0.03619,0.2298;0.16897,0.10126;0.16203,0.03616;0.02549,0.35662;0.06054,0.28967;0.05417,0.18374;0.0425,0.37305;0.05991,0.33488;0.06027,0.32008;0.04217
Act_labour,Recall,0.25185;0.07014,0.20123;0.0285,0.24074;0.05813,0.41481;0.0253,0.40741;0.02994,0.28765;0.02719,0.07654;0.03219,0.14321;0.05521,0.23333;0.05523,0.2963;0.09808,0.19383;0.12552,0.15802;0.06367,0.32838;0.03939,0.25928;0.04066,0.16213;0.04244,0.24821;0.04111,0.22761;0.02207,0.16619;0.02921
Act_labour,F1,0.13976;0.07522,0.07504;0.01317,0.17686;0.03942,0.39066;0.0211,0.39276;0.02745,0.23542;0.03914,0.02336;0.02227,0.0401;0.02322,0.12361;0.04776,0.22967;0.1465,0.1125;0.14819,0.05696;0.03671,0.33218;0.0494,0.26301;0.0448,0.16745;0.04136,0.284;0.04275,0.25519;0.0309,0.2057;0.02752
Act_wkd,Accuracy,0.17021;0.07267,0.18794;0.08808,0.12766;0.04429,0.32624;0.04012,0.28723;0.03191,0.14894;0.08511,0.14539;0.09782,0.08511;0.08599,0.13475;0.01586,0.13475;0.06223,0.15957;0.05459,0.18085;0.06812,0.3797;0.07772,0.31082;0.0681,0.21959;0.05172,0.37937;0.08021,0.39617;0.04725,0.20884;0.07212
Act_wkd,Precision,0.19421;0.11541,0.04694;0.03076,0.09521;0.05104,0.36813;0.06601,0.33328;0.04756,0.09885;0.07898,0.05222;0.05054,0.01464;0.02768,0.02567;0.01836,0.05367;0.05717,0.02844;0.02199,0.03837;0.0273,0.40328;0.09421,0.31405;0.07722,0.221;0.05945,0.4984;0.15732,0.49896;0.0905,0.31976;0.1538
Act_wkd,Recall,0.17021;0.07267,0.18794;0.08808,0.12766;0.04429,0.32624;0.04012,0.28723;0.03191,0.14894;0.08511,0.14539;0.09782,0.08511;0.08599,0.13475;0.01586,0.13475;0.06223,0.15957;0.05459,0.18085;0.06812,0.3797;0.07772,0.31082;0.0681,0.21959;0.05172,0.37937;0.08021,0.39617;0.04725,0.20884;0.07212
Act_wkd,F1,0.1089;0.05088,0.07392;0.04722,0.09325;0.04654,0.32843;0.04708,0.29227;0.03235,0.10079;0.07029,0.06115;0.05082,0.02357;0.04309,0.0405;0.02209,0.05655;0.03961,0.0475;0.03322,0.06231;0.04122,0.3694;0.07636,0.29912;0.06759,0.20819;0.04841,0.41163;0.10033,0.41735;0.04205,0.22848;0.08687
Bpi_2012,Accuracy,0.76938;0.00465,0.76951;0.00468,0.69964;0.02129,0.75728;0.00404,0.7581;0.00349,0.72975;0.00804,0.77522;0.00051,0.77537;0.00048,0.73671;0.00062,0.75966;0.00059,0.7598;0.0013,0.74205;0.00082,0.71791;0.00224,0.71599;0.00262,0.6524;0.00153,0.72176;0.00235,0.72118;0.00166,0.6932;0.00156
Bpi_2012,Precision,0.75476;0.01006,0.74477;0.0201,0.68977;0.02249,0.74554;0.02359,0.74215;0.01954,0.71712;0.02162,0.7577;0.00732,0.76254;0.0016,0.7413;0.00256,0.7413;0.00866,0.75408;0.00252,0.73404;0.01139,0.75061;0.0073,0.7504;0.01065,0.75081;0.00879,0.77752;0.00191,0.77761;0.00227,0.76504;0.00123
Bpi_2012,Recall,0.76938;0.00465,0.76951;0.00468,0.69964;0.02129,0.75728;0.00404,0.7581;0.00349,0.72975;0.00804,0.77522;0.00051,0.77537;0.00048,0.73671;0.00062,0.75966;0.00059,0.7598;0.0013,0.74205;0.00082,0.71791;0.00224,0.71599;0.00262,0.6524;0.00153,0.72176;0.00235,0.72118;0.00166,0.6932;0.00156
Bpi_2012,F1,0.72211;0.00574,0.72391;0.00509,0.64743;0.02521,0.714;0.00589,0.71289;0.00386,0.68266;0.00465,0.72929;0.00152,0.72842;0.00075,0.69001;0.00128,0.71535;0.00111,0.71294;0.00144,0.69372;0.00335,0.70582;0.0023,0.70384;0.00244,0.66475;0.00099,0.7097;0.00238,0.70924;0.00191,0.68588;0.00056
Bpi_2012,Time,10020.36053;9184.89983,11938.28422;7944.29386,1548.80046;334.04564,726.87471;234.47307,861.29792;270.01237,3251.41647;4041.92514,4831.01569;1505.26954,4714.09387;778.31355,2184.09789;517.1277,732.13118;169.71843,824.94677;144.70005,2151.91562;638.72117,34.54806;3.7467,69.9983;1.31747,0.9644;0.03581,1.37759;0.04308,4.94073;0.32382,0.63543;0.0406
Ccc19_log,Accuracy,0.23529;0.22375,0.03676;0.0,0.1201;0.05923,0.53922;0.02426,0.53431;0.00693,0.06618;0.02617,0.25735;0.12536,0.01716;0.01511,0.05882;0.01201,0.33578;0.22706,0.04657;0.01386,0.02941;0.0,0.4695;0.03039,0.41388;0.05752,0.42696;0.04015,0.48801;0.02448,0.45855;0.06516,0.43801;0.04216
Ccc19_log,Precision,0.24204;0.24441,0.00135;0.0,0.09037;0.0616,0.58558;0.04461,0.63535;0.04262,0.01362;0.01496,0.24813;0.12333,0.00052;0.00059,0.01508;0.00778,0.38235;0.27025,0.00237;0.00142,0.00087;0.0,0.49754;0.04532,0.44782;0.06671,0.4727;0.03507,0.53174;0.04471,0.49509;0.06959,0.50857;0.08981
Ccc19_log,Recall,0.23529;0.22375,0.03676;0.0,0.1201;0.05923,0.53922;0.02426,0.53431;0.00693,0.06618;0.02617,0.25735;0.12536,0.01716;0.01511,0.05882;0.01201,0.33578;0.22706,0.04657;0.01386,0.02941;0.0,0.4695;0.03039,0.41388;0.05752,0.42696;0.04015,0.48801;0.02448,0.45855;0.06516,0.43801;0.04216
Ccc19_log,F1,0.20403;0.22937,0.00261;0.0,0.07408;0.04433,0.52751;0.02985,0.52637;0.01736,0.01846;0.01807,0.22436;0.12232,0.00101;0.00114,0.02009;0.00859,0.32582;0.23026,0.0045;0.00263,0.00168;1e-05,0.46108;0.03259,0.40171;0.05678,0.42226;0.03849,0.48656;0.03168,0.46051;0.06331,0.44426;0.05603
Ccc19_log,Time,33.09347;17.25909,18.44286;1.5716,23.78713;7.74123,11.53325;0.10266,12.18909;0.54402,13.9481;3.07449,34.08262;13.73558,14.96136;0.45347,10.01044;0.19705,12.11938;3.92785,6.17143;0.23555,10.22166;0.13014,0.08785;0.03396,0.4427;0.01937,0.00629;0.00016,0.00879;0.0003,0.04724;0.00639,0.00451;0.00017
Flyer,Accuracy,0.89806;0.00507,0.90145;0.00378,0.90145;0.00378,0.89299;0.0,0.89299;0.0,0.86993;0.03609,0.90145;0.00378,0.90314;0.0,0.89314;0.02235,0.89299;0.0,0.88592;0.01581,0.87638;0.02348,0.88856;0.00739,0.88855;0.00705,0.88855;0.00604,0.88486;0.00973,0.88486;0.00878,0.88487;0.00968
Flyer,Precision,0.90944;0.01645,0.92041;0.01226,0.92041;0.01226,0.89299;0.0,0.89299;0.0,0.83961;0.07607,0.92041;0.01226,0.92589;0.0,0.92549;0.0009,0.89299;0.0,0.86901;0.05361,0.90315;0.01437,0.91623;0.0042,0.91622;0.00399,0.9162;0.00344,0.88575;0.00789,0.88527;0.0091,0.8855;0.00874
Flyer,Recall,0.89806;0.00507,0.90145;0.00378,0.90145;0.00378,0.89299;0.0,0.89299;0.0,0.86993;0.03609,0.90145;0.00378,0.90314;0.0,0.89314;0.02235,0.89299;0.0,0.88592;0.01581,0.87638;0.02348,0.88856;0.00739,0.88855;0.00705,0.88855;0.00604,0.88486;0.00973,0.88486;0.00878,0.88487;0.00968
Flyer,F1,0.88968;0.00331,0.88747;0.00247,0.88747;0.00247,0.89299;0.0,0.89299;0.0,0.85114;0.06062,0.88747;0.00247,0.88636;0.0,0.87934;0.0157,0.89299;0.0,0.87585;0.03833,0.87673;0.02299,0.86909;0.01088,0.86911;0.01042,0.86917;0.00885,0.88497;0.00889,0.885;0.00891,0.88502;0.00923
Helpdesk,Accuracy,0.80072;0.00334,0.79654;0.0037,0.78629;0.00286,0.80018;0.00136,0.78748;0.00791,0.78855;0.0017,0.80203;0.00222,0.79696;0.00708,0.79451;0.0021,0.79738;0.00531,0.79672;0.00498,0.79261;0.00086,0.78694;0.0048,0.78754;0.00388,0.77345;0.00708,0.78955;0.00562,0.78947;0.00462,0.7815;0.00473
Helpdesk,Precision,0.73484;0.00191,0.7246;0.00293,0.70985;0.01241,0.74758;0.01592,0.72426;0.00813,0.71768;0.00597,0.72957;0.00355,0.72395;0.01185,0.72569;0.0041,0.72575;0.00844,0.72556;0.00748,0.72339;0.00269,0.75802;0.02336,0.76173;0.01502,0.77073;0.0351,0.77372;0.04268,0.77845;0.03179,0.76761;0.03902
Helpdesk,Recall,0.80072;0.00334,0.79654;0.0037,0.78629;0.00286,0.80018;0.00136,0.78748;0.00791,0.78855;0.0017,0.80203;0.00222,0.79696;0.00708,0.79451;0.0021,0.79738;0.00531,0.79672;0.00498,0.79261;0.00086,0.78694;0.0048,0.78754;0.00388,0.77345;0.00708,0.78955;0.00562,0.78947;0.00462,0.7815;0.00473
Helpdesk,F1,0.75379;0.00275,0.74938;0.00311,0.73713;0.00471,0.75482;0.00134,0.74066;0.00737,0.74131;0.00139,0.75456;0.00151,0.74929;0.00777,0.74711;0.0024,0.75036;0.00642,0.74912;0.00569,0.74553;0.00104,0.74925;0.00395,0.74888;0.00271,0.73855;0.00717,0.74883;0.00441,0.74891;0.0043,0.74297;0.00426
Helpdesk,Time,266.22123;88.10267,379.93837;147.65874,218.4713;92.1857,91.76935;8.55281,92.84023;27.82273,231.9606;60.05843,325.77072;105.92066,459.89663;144.83008,511.30397;35.65049,318.60242;106.8159,310.15735;56.52458,401.05461;78.71721,0.07308;0.03482,0.16706;0.01027,0.02311;0.0017,0.02583;0.00056,0.06685;0.00476,0.01864;0.00163
L1_lin,Accuracy,0.64394;0.02835,0.39394;0.22677,0.21212;0.02143,0.62879;0.01071,0.63636;0.03214,0.14394;0.02835,0.09091;0.0,0.13636;0.03214,0.13636;0.03214,0.11364;0.03214,0.11364;0.03214,0.11364;0.03214,0.70382;0.05729,0.69828;0.03919,0.71511;0.02396,0.71511;0.03115,0.69828;0.05931,0.71531;0.04571
L1_lin,Precision,0.55237;0.03302,0.3151;0.23009,0.06472;0.00258,0.55356;0.03382,0.53267;0.03811,0.0591;0.01914,0.01653;0.01169,0.01963;0.00804,0.02096;0.00912,0.02319;0.0211,0.01395;0.00804,0.01395;0.00804,0.60134;0.04597,0.58221;0.07668,0.6138;0.04628,0.61448;0.04145,0.61775;0.06747,0.60079;0.07089
L1_lin,Recall,0.64394;0.02835,0.39394;0.22677,0.21212;0.02143,0.62879;0.01071,0.63636;0.03214,0.14394;0.02835,0.09091;0.0,0.13636;0.03214,0.13636;0.03214,0.11364;0.03214,0.11364;0.03214,0.11364;0.03214,0.70382;0.05729,0.69828;0.03919,0.71511;0.02396,0.71511;0.03115,0.69828;0.05931,0.71531;0.04571
L1_lin,F1,0.56431;0.03335,0.32015;0.23178,0.09706;0.00369,0.54259;0.00476,0.55572;0.02809,0.07967;0.02122,0.02626;0.01571,0.03417;0.01344,0.03611;0.01501,0.03662;0.03036,0.02466;0.01344,0.02466;0.01344,0.63492;0.05335,0.61672;0.05219,0.63623;0.02887,0.64325;0.03103,0.63056;0.05686,0.63674;0.05932
L1_lin,Time,15.97339;1.45561,8.99491;0.98675,9.20199;1.27589,12.77409;1.38564,13.03211;0.32482,10.72162;2.02178,4.77193;0.45417,5.3594;0.69128,5.47685;0.5867,4.6867;0.28305,6.11663;0.93456,6.90662;0.17618,0.00486;0.00459,0.00295;0.00043,0.00336;0.0006,0.00318;0.00062,0.00312;0.00077,0.00225;0.00037
L1_pll,Accuracy,0.85606;0.05357,0.63636;0.25713,0.18939;0.05669,0.81818;0.0,0.68182;0.19285,0.11364;0.0,0.10606;0.05357,0.14394;0.05357,0.10606;0.05357,0.12879;0.08571,0.09091;0.03214,0.06818;0.0,0.88937;0.01447,0.88937;0.01447,0.88937;0.01447,0.88937;0.01447,0.88937;0.01447,0.88937;0.01447
L1_pll,Precision,0.80647;0.05357,0.61019;0.22401,0.06693;0.03821,0.7686;0.0,0.65095;0.16638,0.01402;0.00084,0.01412;0.01339,0.02359;0.01339,0.02249;0.02524,0.0656;0.0862,0.0093;0.00657,0.00489;0.00035,0.82785;0.01896,0.82785;0.01896,0.82785;0.01896,0.82785;0.01896,0.82785;0.01896,0.82785;0.01896
L1_pll,Recall,0.85606;0.05357,0.63636;0.25713,0.18939;0.05669,0.81818;0.0,0.68182;0.19285,0.11364;0.0,0.10606;0.05357,0.14394;0.05357,0.10606;0.05357,0.12879;0.08571,0.09091;0.03214,0.06818;0.0,0.88937;0.01447,0.88937;0.01447,0.88937;0.01447,0.88937;0.01447,0.88937;0.01447,0.88937;0.01447
L1_pll,F1,0.82052;0.0584,0.59509;0.26039,0.08735;0.04223,0.77922;0.0,0.63518;0.2037,0.02496;0.00134,0.02445;0.02227,0.0402;0.02227,0.03519;0.03745,0.06991;0.08655,0.01671;0.01132,0.00913;0.0006,0.84986;0.01813,0.84986;0.01813,0.84986;0.01813,0.84986;0.01813,0.84986;0.01813,0.84986;0.01813
L1_pll,Time,26.69051;6.89447,13.10019;1.83522,10.15649;2.28039,16.13612;2.73504,10.13581;1.04428,6.32053;0.28264,3.29233;0.66834,2.61001;0.02762,2.70467;0.03836,3.61207;0.94246,2.70783;0.18177,2.65976;0.04589,0.00119;0.00032,0.00129;0.00021,0.0011;0.00018,0.00122;0.00016,0.00127;0.00012,0.00114;0.00024
L2,Accuracy,0.60714;0.20927,0.54762;0.12141,0.39286;0.05455,0.65476;0.11964,0.63095;0.11964,0.2381;0.12822,0.39286;0.03571,0.40476;0.05324,0.45238;0.20062,0.39286;0.03571,0.39286;0.07986,0.46429;0.05455,0.58565;0.07792,0.625;0.17403,0.5625;0.11669,0.58333;0.10995,0.56713;0.13088,0.49074;0.10352
L2,Precision,0.60422;0.28172,0.43812;0.21498,0.22402;0.13369,0.61682;0.21446,0.63091;0.21188,0.13095;0.08938,0.22775;0.07567,0.21749;0.15299,0.3263;0.23708,0.15797;0.03078,0.18467;0.11846,0.29827;0.16284,0.60185;0.124,0.70525;0.08079,0.62886;0.17622,0.62052;0.13698,0.62901;0.09753,0.54861;0.15256
L2,Recall,0.60714;0.20927,0.54762;0.12141,0.39286;0.05455,0.65476;0.11964,0.63095;0.11964,0.2381;0.12822,0.39286;0.03571,0.40476;0.05324,0.45238;0.20062,0.39286;0.03571,0.39286;0.07986,0.46429;0.05455,0.58565;0.07792,0.625;0.17403,0.5625;0.11669,0.58333;0.10995,0.56713;0.13088,0.49074;0.10352
L2,F1,0.56748;0.25014,0.45086;0.16062,0.26239;0.09926,0.60412;0.17247,0.56793;0.17196,0.16261;0.10493,0.25532;0.02178,0.24465;0.07188,0.35133;0.21026,0.22481;0.03712,0.24397;0.1156,0.31892;0.09253,0.57348;0.08473,0.63117;0.13464,0.56382;0.10183,0.55487;0.10986,0.55187;0.10443,0.48534;0.10941
L4,Accuracy,0.81638;0.03158,0.81638;0.03158,0.67797;0.12493,0.83051;0.0,0.81638;0.03158,0.73164;0.05824,0.76554;0.11175,0.55367;0.21543,0.75706;0.11482,0.66949;0.11147,0.57627;0.18411,0.68644;0.11773,0.7531;0.07378,0.78729;0.01086,0.75363;0.05379,0.736;0.06942,0.73173;0.08257,0.75737;0.06433
L4,Precision,0.72957;0.01793,0.72957;0.01793,0.52051;0.18488,0.72155;0.0,0.72957;0.01793,0.6857;0.10314,0.65532;0.17051,0.36357;0.26393,0.6247;0.16359,0.53588;0.19543,0.46572;0.25588,0.59711;0.22765,0.66751;0.01761,0.66409;0.01411,0.67948;0.03538,0.66452;0.01482,0.66302;0.01905,0.66537;0.01507
L4,Recall,0.81638;0.03158,0.81638;0.03158,0.67797;0.12493,0.83051;0.0,0.81638;0.03158,0.73164;0.05824,0.76554;0.11175,0.55367;0.21543,0.75706;0.11482,0.66949;0.11147,0.57627;0.18411,0.68644;0.11773,0.7531;0.07378,0.78729;0.01086,0.75363;0.05379,0.736;0.06942,0.73173;0.08257,0.75737;0.06433
L4,F1,0.76194;0.00503,0.76194;0.00503,0.57457;0.16531,0.76419;0.0,0.76194;0.00503,0.69622;0.08194,0.6949;0.14898,0.42293;0.25738,0.67222;0.14911,0.57801;0.16356,0.49812;0.22369,0.62336;0.1849,0.69362;0.03377,0.70929;0.01358,0.69904;0.0261,0.68792;0.02797,0.68549;0.03983,0.69647;0.028
L5,Accuracy,0.73958;0.08398,0.70833;0.10623,0.19792;0.14168,0.77083;0.04658,0.75;0.0625,0.17708;0.16305,0.57292;0.02329,0.5;0.13975,0.55208;0.0561,0.51042;0.17462,0.45833;0.2185,0.5625;0.0,0.73939;0.11447,0.74394;0.1392,0.75909;0.08857,0.61364;0.07437,0.61061;0.12031,0.5803;0.09307
L5,Precision,0.70133;0.05776,0.65172;0.12927,0.19599;0.2398,0.66181;0.02497,0.6278;0.09829,0.1443;0.19738,0.35014;0.06645,0.27376;0.09536,0.39062;0.11254,0.30631;0.13884,0.2617;0.17681,0.31641;0.0,0.70795;0.15908,0.76465;0.17105,0.73965;0.14278,0.64066;0.064,0.6149;0.15305,0.66881;0.10332
L5,Recall,0.73958;0.08398,0.70833;0.10623,0.19792;0.14168,0.77083;0.04658,0.75;0.0625,0.17708;0.16305,0.57292;0.02329,0.5;0.13975,0.55208;0.0561,0.51042;0.17462,0.45833;0.2185,0.5625;0.0,0.73939;0.11447,0.74394;0.1392,0.75909;0.08857,0.61364;0.07437,0.61061;0.12031,0.5803;0.09307
L5,F1,0.69066;0.06395,0.6476;0.10205,0.13322;0.15497,0.70152;0.03964,0.66991;0.08322,0.13717;0.1819,0.4325;0.0543,0.35208;0.11833,0.42948;0.04788,0.37779;0.16243,0.32443;0.20611,0.405;0.0,0.70124;0.12803,0.73229;0.1546,0.72131;0.11094,0.59131;0.06528,0.58361;0.1328,0.58392;0.08842
L6,Accuracy,0.54762;0.15246,0.52381;0.15793,0.30952;0.22462,0.57143;0.16496,0.2619;0.22462,0.42857;0.16496,0.09524;0.06734,0.14286;0.0,0.14286;0.0,0.11905;0.09817,0.14286;0.0,0.14286;0.14286,0.725;0.17736,0.81667;0.20344,0.775;0.11815,0.775;0.24791,0.76667;0.25111,0.775;0.11815
L6,Precision,0.45726;0.28234,0.43503;0.28498,0.31156;0.25936,0.47477;0.29129,0.15726;0.1914,0.34269;0.26128,0.02211;0.02387,0.02098;0.00127,0.05522;0.04308,0.02381;0.02742,0.02041;0.0,0.07704;0.14164,0.7125;0.15121,0.76667;0.24944,0.67639;0.18184,0.75833;0.27449,0.75;0.25166,0.67639;0.18184
L6,Recall,0.54762;0.15246,0.52381;0.15793,0.30952;0.22462,0.57143;0.16496,0.2619;0.22462,0.42857;0.16496,0.09524;0.06734,0.14286;0.0,0.14286;0.0,0.11905;0.09817,0.14286;0.0,0.14286;0.14286,0.725;0.17736,0.81667;0.20344,0.775;0.11815,0.775;0.24791,0.76667;0.25111,0.775;0.11815
L6,F1,0.46865;0.2182,0.43016;0.21871,0.26054;0.20634,0.48107;0.22919,0.17857;0.18385,0.34822;0.22561,0.03373;0.03181,0.03656;0.0019,0.07143;0.03827,0.03902;0.04246,0.03571;0.0,0.07698;0.12028,0.70278;0.15647,0.78333;0.23234,0.71111;0.1586,0.76389;0.26535,0.75556;0.25086,0.71111;0.1586
L6,Time,9.72255;2.98259,7.81694;0.63065,7.85833;2.12191,8.10085;1.74037,7.63993;1.28205,7.5233;0.92715,5.19497;1.7629,4.65872;1.48077,3.79358;0.44235,4.50956;1.49957,4.44881;1.16511,3.47517;0.2699,0.00552;0.01008,0.00154;0.00042,0.00095;7e-05,0.00108;9e-05,0.00102;0.0001,0.00103;0.00019
L7,Accuracy,0.25;0.0,0.41667;0.2357,0.25;0.0,0.25;0.0,0.33333;0.11785,0.25;0.0,0.25;0.0,0.25;0.0,0.33333;0.18634,0.25;0.0,0.41667;0.2357,0.25;0.0,0.41667;0.35681,0.44444;0.22906,0.47222;0.11453,0.47222;0.22395,0.47222;0.22395,0.33333;0.25459
L7,Precision,0.0625;0.0,0.22917;0.2357,0.0625;0.0,0.0625;0.0,0.31944;0.36337,0.0625;0.0,0.0625;0.0,0.0625;0.0,0.14583;0.18634,0.0625;0.0,0.22917;0.2357,0.0625;0.0,0.51852;0.41409,0.44907;0.3177,0.50463;0.27518,0.48148;0.28986,0.43519;0.32421,0.43056;0.37397
L7,Recall,0.25;0.0,0.41667;0.2357,0.25;0.0,0.25;0.0,0.33333;0.11785,0.25;0.0,0.25;0.0,0.25;0.0,0.33333;0.18634,0.25;0.0,0.41667;0.2357,0.25;0.0,0.41667;0.35681,0.44444;0.22906,0.47222;0.11453,0.47222;0.22395,0.47222;0.22395,0.33333;0.25459
L7,F1,0.1;0.0,0.28095;0.25591,0.1;0.0,0.1;0.0,0.23333;0.18856,0.1;0.0,0.1;0.0,0.1;0.0,0.19048;0.20231,0.1;0.0,0.28095;0.25591,0.1;0.0,0.44074;0.35611,0.42222;0.23307,0.45;0.14254,0.45556;0.2114,0.42222;0.23307,0.35185;0.2753
L7,Time,6.91939;0.85168,7.72125;1.02877,8.41122;1.85805,8.2047;1.7763,7.5593;0.62182,7.7984;0.92426,4.48859;0.71167,4.64687;0.99173,4.9761;0.73467,6.3344;1.471,5.7631;0.95004,5.47784;0.97781,0.00085;0.00011,0.00088;0.00012,0.00089;0.00013,0.00081;7e-05,0.00079;6e-05,0.00091;0.00023
Nasa_log,Accuracy,0.75011;0.00334,0.74669;0.00208,0.62838;0.01569,0.72492;0.00137,0.72343;0.00354,0.60205;0.00999,0.74583;0.0011,0.73868;0.00225,0.71522;0.00526,0.72734;0.00234,0.72194;0.00208,0.63071;0.00233,0.68641;0.00652,0.67977;0.003,0.65867;0.00432,0.65849;0.00592,0.65758;0.00586,0.54678;0.00232
Nasa_log,Precision,0.77159;0.01171,0.76306;0.00412,0.63099;0.02082,0.75977;0.01041,0.74922;0.01517,0.59996;0.01201,0.77461;0.01023,0.75329;0.00886,0.73545;0.00566,0.76931;0.00377,0.75145;0.01522,0.66049;0.00771,0.82548;0.00839,0.81438;0.0029,0.80359;0.00844,0.84942;0.00618,0.84873;0.00326,0.74308;0.00814
Nasa_log,Recall,0.75011;0.00334,0.74669;0.00208,0.62838;0.01569,0.72492;0.00137,0.72343;0.00354,0.60205;0.00999,0.74583;0.0011,0.73868;0.00225,0.71522;0.00526,0.72734;0.00234,0.72194;0.00208,0.63071;0.00233,0.68641;0.00652,0.67977;0.003,0.65867;0.00432,0.65849;0.00592,0.65758;0.00586,0.54678;0.00232
Nasa_log,F1,0.74179;0.00241,0.73326;0.0016,0.60603;0.01552,0.71495;0.00166,0.71188;0.00412,0.58363;0.01131,0.73865;0.00118,0.72894;0.00375,0.70623;0.00355,0.71725;0.00481,0.70933;0.00549,0.61959;0.00206,0.72046;0.00696,0.71241;0.00201,0.69515;0.00337,0.70512;0.00456,0.70457;0.00527,0.59078;0.00479
Nasa_log,Time,1730.86807;454.98819,1355.28185;121.46191,3313.33064;604.38199,325.02601;26.71739,308.03211;45.58212,1308.82431;428.05427,869.33988;40.90802,1062.88099;123.86216,1424.9298;171.33352,593.04085;25.1895,706.31385;137.73687,1465.78592;291.65286,4.23695;0.27094,24.11506;1.29448,0.28554;0.00295,0.50102;0.01187,4.46777;0.06488,0.21949;0.00165
PD_3_1,Accuracy,0.57692;0.18711,0.39744;0.20067,0.23077;0.0,0.69231;0.1175,0.82051;0.12297,0.23077;0.0,0.44872;0.13628,0.20513;0.03626,0.23077;0.0,0.30769;0.15385,0.21795;0.08209,0.23077;0.0,0.96065;0.0558,0.95833;0.05893,0.0;0.0,0.96065;0.0558,0.96065;0.0558,0.0;0.0
PD_3_1,Precision,0.52481;0.23525,0.2881;0.18645,0.05325;0.0,0.59116;0.18818,0.81261;0.16567,0.05325;0.0,0.24873;0.1213,0.04339;0.01395,0.05325;0.0,0.13741;0.13428,0.05822;0.05249,0.05325;0.0,0.98032;0.0279,0.97917;0.02946,0.0;0.0,0.97685;0.0337,0.98032;0.0279,0.0;0.0
PD_3_1,Recall,0.57692;0.18711,0.39744;0.20067,0.23077;0.0,0.69231;0.1175,0.82051;0.12297,0.23077;0.0,0.44872;0.13628,0.20513;0.03626,0.23077;0.0,0.30769;0.15385,0.21795;0.08209,0.23077;0.0,0.96065;0.0558,0.95833;0.05893,0.0;0.0,0.96065;0.0558,0.96065;0.0558,0.0;0.0
PD_3_1,F1,0.50214;0.21221,0.30601;0.19167,0.08654;0.0,0.61683;0.16031,0.79664;0.15381,0.08654;0.0,0.30729;0.13771,0.07137;0.02145,0.08654;0.0,0.17532;0.15246,0.08762;0.06667,0.08654;0.0,0.96188;0.05426,0.95833;0.05893,0.0;0.0,0.96049;0.05652,0.96188;0.05426,0.0;0.0
PD_3_1,Time,,,,,3.5947;0.25423,20.33922;2.38445,3.91368;0.75165,3.29956;0.37098,16.7795;1.86165,,,,,,,,,
PD_3_10,Accuracy,0.91481;0.00828,0.92593;0.01048,0.13704;0.01656,0.91852;0.01048,0.92222;0.01111,0.13519;0.01969,0.2;0.0,0.2;0.0,0.11111;0.0,0.21852;0.04141,0.2;0.0,0.11111;0.0,0.90235;0.03508,0.91342;0.00603,0.0;0.0,0.91615;0.0195,0.90226;0.03244,0.0;0.0
PD_3_10,Precision,0.94762;0.00213,0.95048;0.00269,0.01905;0.00464,0.94857;0.00269,0.94952;0.00286,0.01866;0.00538,0.04;0.0,0.04;0.0,0.01235;0.0,0.05935;0.04327,0.04;0.0,0.01235;0.0,0.95715;0.02039,0.9463;0.00186,0.0;0.0,0.94796;0.00855,0.95597;0.02012,0.0;0.0
PD_3_10,Recall,0.91481;0.00828,0.92593;0.01048,0.13704;0.01656,0.91852;0.01048,0.92222;0.01111,0.13519;0.01969,0.2;0.0,0.2;0.0,0.11111;0.0,0.21852;0.04141,0.2;0.0,0.11111;0.0,0.90235;0.03508,0.91342;0.00603,0.0;0.0,0.91615;0.0195,0.90226;0.03244,0.0;0.0
PD_3_10,F1,0.90968;0.00809,0.92054;0.01024,0.0334;0.00762,0.9133;0.01024,0.91692;0.01086,0.03273;0.00887,0.06667;0.0,0.06667;0.0,0.02222;0.0,0.08632;0.04394,0.06667;0.0,0.02222;0.0,0.90362;0.02219,0.90401;0.00708,0.0;0.0,0.906;0.02533,0.9021;0.0168,0.0;0.0
PD_3_10,Time,14.36423;1.6173,13.77176;1.66633,12.21785;3.65626,15.97262;2.99388,11.54748;1.14931,14.55434;5.17843,3.38251;0.42154,4.02203;0.27514,56.97077;8.91802,3.32932;0.37631,3.60538;0.36595,60.3136;2.69325,0.00204;0.00043,0.00318;0.00086,0.00165;0.00022,0.00158;0.00031,0.00176;6e-05,0.00151;0.00024
PD_3_4,Accuracy,0.73476;0.2611,0.60772;0.30797,0.17988;0.02045,0.86484;0.00227,0.86382;0.00287,0.18902;0.02587,0.6372;0.31485,0.1128;0.03316,0.17073;0.0,0.73171;0.2612,0.09858;0.01591,0.17073;0.0,0.83686;0.02872,0.83538;0.03467,0.0;0.0,0.78964;0.02355,0.79425;0.02647,0.0;0.0
PD_3_4,Precision,0.76896;0.32258,0.62194;0.41532,0.03277;0.00811,0.9471;0.02105,0.94855;0.01769,0.0364;0.01025,0.72075;0.25853,0.09719;0.14786,0.02915;0.0,0.80421;0.30384,0.0112;0.00633,0.02915;0.0,0.88102;0.01172,0.87732;0.02828,0.0;0.0,0.93711;0.00746,0.94873;0.01626,0.0;0.0
PD_3_4,Recall,0.73476;0.2611,0.60772;0.30797,0.17988;0.02045,0.86484;0.00227,0.86382;0.00287,0.18902;0.02587,0.6372;0.31485,0.1128;0.03316,0.17073;0.0,0.73171;0.2612,0.09858;0.01591,0.17073;0.0,0.83686;0.02872,0.83538;0.03467,0.0;0.0,0.78964;0.02355,0.79425;0.02647,0.0;0.0
PD_3_4,F1,0.7269;0.29795,0.57698;0.36687,0.05534;0.0124,0.87651;0.0075,0.87475;0.00985,0.06088;0.01568,0.62803;0.33392,0.03845;0.04178,0.0498;0.0,0.73736;0.28763,0.01975;0.0099,0.0498;0.0,0.8505;0.02093,0.85034;0.03023,0.0;0.0,0.84011;0.01932,0.84444;0.02342,0.0;0.0
PD_3_4,Time,70.75116;9.70085,24.47426;9.33781,,,,,,,,,3.69437;0.14817,52.52381;7.79053,,,,,,
PD_3_6,Accuracy,0.77344;0.02344,0.76302;0.03542,0.14844;0.03906,0.77083;0.01949,0.76042;0.02805,0.10938;0.0,0.23438;0.0,0.23438;0.0,0.10938;0.0,0.3151;0.18052,0.21354;0.04658,0.10938;0.0,0.69924;0.02781,0.72665;0.04803,0.0;0.0,0.69555;0.05258,0.72647;0.02672,0.0;0.0
PD_3_6,Precision,0.78274;0.00774,0.76577;0.02997,0.02356;0.0116,0.76835;0.0213,0.77168;0.02237,0.01196;0.0,0.05493;0.0,0.05493;0.0,0.01196;0.0,0.16646;0.24939,0.04777;0.01601,0.01196;0.0,0.78419;0.03203,0.76775;0.02576,0.0;0.0,0.80435;0.03895,0.76832;0.0192,0.0;0.0
PD_3_6,Recall,0.77344;0.02344,0.76302;0.03542,0.14844;0.03906,0.77083;0.01949,0.76042;0.02805,0.10938;0.0,0.23438;0.0,0.23438;0.0,0.10938;0.0,0.3151;0.18052,0.21354;0.04658,0.10938;0.0,0.69924;0.02781,0.72665;0.04803,0.0;0.0,0.69555;0.05258,0.72647;0.02672,0.0;0.0
PD_3_6,F1,0.75271;0.02354,0.73593;0.04368,0.04039;0.01882,0.74377;0.023,0.73647;0.03329,0.02157;0.0,0.089;0.0,0.089;0.0,0.02157;0.0,0.18731;0.21981,0.07776;0.02513,0.02157;0.0,0.69697;0.0291,0.70888;0.0485,0.0;0.0,0.7164;0.02704,0.71078;0.03021,0.0;0.0
PD_3_6,Time,11.147;0.66498,11.26871;0.38734,8.99878;0.54731,10.62616;0.49734,9.02098;0.51166,8.09374;0.27624,2.77708;0.30205,2.55701;0.16668,32.84647;1.02022,3.21526;1.17214,2.75756;0.13222,35.66074;4.86132,,,,,,
PD_3_7,Accuracy,0.23896;0.03138,0.18961;0.03138,0.26234;0.02649,0.22078;0.04718,0.18961;0.02916,0.15844;0.03618,0.17403;0.02674,0.17922;0.04529,0.23377;0.03939,0.15844;0.03117,0.13506;0.04617,0.15584;0.0551,0.1629;0.04344,0.15655;0.04569,0.25088;0.03861,0.13989;0.05978,0.14989;0.02944,0.05863;0.02995
PD_3_7,Precision,0.24536;0.02323,0.19806;0.0417,0.28027;0.05096,0.23249;0.05069,0.18438;0.03288,0.16292;0.05089,0.14362;0.08337,0.05809;0.02307,0.13417;0.10311,0.10129;0.08102,0.02037;0.01285,0.04982;0.03867,0.22703;0.06376,0.16803;0.05581,0.34937;0.05795,0.16465;0.07231,0.19996;0.0392,0.15065;0.08279
PD_3_7,Recall,0.23896;0.03138,0.18961;0.03138,0.26234;0.02649,0.22078;0.04718,0.18961;0.02916,0.15844;0.03618,0.17403;0.02674,0.17922;0.04529,0.23377;0.03939,0.15844;0.03117,0.13506;0.04617,0.15584;0.0551,0.1629;0.04344,0.15655;0.04569,0.25088;0.03861,0.13989;0.05978,0.14989;0.02944,0.05863;0.02995
PD_3_7,F1,0.2333;0.0258,0.18219;0.03069,0.23894;0.03756,0.21757;0.04503,0.17886;0.03052,0.14281;0.04156,0.10928;0.03702,0.07406;0.01975,0.13974;0.08419,0.0837;0.03688,0.03506;0.02087,0.05913;0.03874,0.18105;0.04743,0.15482;0.04597,0.28335;0.04009,0.146;0.06146,0.16554;0.03186,0.07912;0.03761
PD_3_7,Time,13.5846;1.02517,14.84379;1.37074,19.33092;1.26103,11.49819;0.78613,12.28981;0.59342,17.40931;4.29775,7.43865;3.35951,5.51551;0.33839,8.49308;5.79465,7.77697;3.22527,5.44494;0.34924,6.16272;0.75308,0.00309;0.00018,0.00649;0.00031,0.00172;8e-05,0.00231;0.00017,0.00414;0.00051,0.00177;0.00026
PD_4_1,Accuracy,0.7774;0.01235,0.66438;0.2299,0.06507;0.00342,0.71804;0.02606,0.71575;0.01967,0.07306;0.00646,0.129;0.04174,0.07877;0.02193,0.06849;0.0,0.19635;0.22873,0.07877;0.01712,0.06849;0.0,0.69637;0.01359,0.68769;0.04309,0.0;0.0,0.66895;0.01116,0.66551;0.0197,0.0;0.0
PD_4_1,Precision,0.79209;0.02091,0.67645;0.2811,0.00425;0.00045,0.72582;0.04106,0.7345;0.0258,0.00538;0.00097,0.04848;0.0388,0.01324;0.01784,0.00469;0.0,0.13004;0.25341,0.01201;0.01372,0.00469;0.0,0.78658;0.05176,0.75666;0.0638,0.0;0.0,0.74121;0.02973,0.73415;0.03331,0.0;0.0
PD_4_1,Recall,0.7774;0.01235,0.66438;0.2299,0.06507;0.00342,0.71804;0.02606,0.71575;0.01967,0.07306;0.00646,0.129;0.04174,0.07877;0.02193,0.06849;0.0,0.19635;0.22873,0.07877;0.01712,0.06849;0.0,0.69637;0.01359,0.68769;0.04309,0.0;0.0,0.66895;0.01116,0.66551;0.0197,0.0;0.0
PD_4_1,F1,0.76067;0.0137,0.6377;0.2567,0.00797;0.00081,0.70613;0.0248,0.7024;0.0157,0.01002;0.00175,0.05614;0.03542,0.01774;0.018,0.00878;0.0,0.13751;0.24869,0.01354;0.0069,0.00878;0.0,0.72345;0.02136,0.70789;0.04607,0.0;0.0,0.68932;0.01298,0.68474;0.0217,0.0;0.0
PD_4_1,Time,12.4819;0.75959,13.33254;4.54431,13.83541;4.63279,11.41229;0.65225,12.52592;1.6976,12.78887;2.57041,5.41486;1.16523,4.65935;0.50589,85.00793;7.04362,6.87448;1.89583,4.38901;0.68729,69.29304;4.07984,0.0045;0.00069,0.01511;0.00138,0.00283;0.0004,0.00555;0.00071,0.01393;0.00204,0.00266;0.00028
PD_4_10,Accuracy,0.88231;0.0102,0.78345;0.16178,0.81769;0.04946,0.87551;0.00761,0.88231;0.0102,0.75374;0.00962,0.88367;0.00884,0.77506;0.20743,0.88141;0.00931,0.87891;0.00962,0.75079;0.2244,0.75782;0.01045,0.87478;0.01358,0.87512;0.00818,0.89044;0.00995,0.885;0.00544,0.88499;0.00954,0.69037;0.01399
PD_4_10,Precision,0.85744;0.00357,0.71259;0.15477,0.79008;0.04383,0.85507;0.00266,0.85744;0.00357,0.77854;0.00336,0.85868;0.0034,0.74834;0.19968,0.85826;0.00367,0.85626;0.00336,0.72057;0.25808,0.77793;0.00342,0.8837;0.00855,0.88634;0.00882,0.8722;0.00407,0.87773;0.00455,0.87793;0.00677,0.88325;0.00313
PD_4_10,Recall,0.88231;0.0102,0.78345;0.16178,0.81769;0.04946,0.87551;0.00761,0.88231;0.0102,0.75374;0.00962,0.88367;0.00884,0.77506;0.20743,0.88141;0.00931,0.87891;0.00962,0.75079;0.2244,0.75782;0.01045,0.87478;0.01358,0.87512;0.00818,0.89044;0.00995,0.885;0.00544,0.88499;0.00954,0.69037;0.01399
PD_4_10,F1,0.85137;0.01262,0.73669;0.15702,0.78156;0.05158,0.84296;0.00941,0.85137;0.01262,0.72484;0.0119,0.85513;0.01169,0.74073;0.21253,0.85088;0.01146,0.84717;0.0119,0.70552;0.25281,0.72807;0.01233,0.86975;0.01082,0.87113;0.00594,0.86845;0.01015,0.87297;0.00621,0.87297;0.01035,0.74556;0.01365
PD_4_10,Time,102.19979;40.99142,113.38355;33.09915,61.88533;18.59649,23.52833;2.4344,30.37221;5.12794,62.01384;17.46514,116.18589;24.88672,151.74618;26.44092,82.67269;14.26025,62.0187;20.3555,55.96646;10.89591,88.35207;19.50484,0.03152;0.00103,0.11743;0.00367,0.00688;0.0012,0.00856;0.00028,0.02822;0.00048,0.00804;0.00263
PD_4_2,Accuracy,0.85454;0.0998,0.89316;0.01561,0.73089;0.07444,0.90016;0.00356,0.86495;0.04982,0.83934;0.08253,0.90036;0.0017,0.85294;0.08579,0.87715;0.04139,0.90276;0.00268,0.88015;0.03002,0.89976;0.00134,0.86585;0.00942,0.86705;0.00573,0.86375;0.00626,0.86435;0.00502,0.86435;0.00679,0.88475;0.00882
PD_4_2,Precision,0.88352;0.06784,0.89111;0.03892,0.72205;0.07445,0.89605;0.02684,0.84461;0.0624,0.79451;0.11566,0.90226;0.00748,0.85732;0.08713,0.88846;0.03759,0.90522;0.02838,0.86898;0.05752,0.86998;0.00015,0.93585;0.00728,0.9452;0.01279,0.93975;0.00534,0.93998;0.0008,0.93998;0.0008,0.8861;0.00548
PD_4_2,Recall,0.85454;0.0998,0.89316;0.01561,0.73089;0.07444,0.90016;0.00356,0.86495;0.04982,0.83934;0.08253,0.90036;0.0017,0.85294;0.08579,0.87715;0.04139,0.90276;0.00268,0.88015;0.03002,0.89976;0.00134,0.86585;0.00942,0.86705;0.00573,0.86375;0.00626,0.86435;0.00502,0.86435;0.00679,0.88475;0.00882
PD_4_2,F1,0.83961;0.1225,0.88046;0.02502,0.70121;0.07926,0.88797;0.01067,0.84274;0.05967,0.80663;0.1049,0.88937;0.00503,0.8382;0.09181,0.86464;0.04634,0.89105;0.01187,0.86491;0.04304,0.88002;0.0011,0.88856;0.00831,0.89025;0.00575,0.88818;0.00586,0.88873;0.00489,0.8884;0.00616,0.88531;0.00709
PD_4_2,Time,118.5447;35.1257,160.80127;28.67192,56.6874;15.39161,22.61838;5.83732,21.60175;5.82185,57.60062;12.26163,137.7534;22.36008,171.10066;30.2258,106.60804;25.55264,48.80944;9.09653,59.14369;7.15198,95.80964;12.81562,0.04684;0.0111,0.20653;0.00614,0.00865;0.00057,0.01032;0.00041,0.03285;0.00152,0.00647;0.00063
PD_4_3,Accuracy,0.47818;0.03196,0.46536;0.0144,0.39699;0.06859,0.46334;0.00849,0.42465;0.00678,0.35335;0.03541,0.40778;0.01643,0.26541;0.07677,0.47796;0.00893,0.43387;0.01152,0.32614;0.08897,0.40103;0.02342,0.29324;0.02174,0.27567;0.01752,0.30137;0.02485,0.25877;0.01481,0.25541;0.01488,0.21116;0.02269
PD_4_3,Precision,0.41853;0.0546,0.41837;0.01718,0.35393;0.08012,0.40095;0.00625,0.3607;0.01911,0.30676;0.02776,0.40533;0.01502,0.20705;0.08982,0.47291;0.01886,0.37652;0.00857,0.30686;0.04045,0.37778;0.03788,0.34321;0.02467,0.33493;0.01687,0.45815;0.03525,0.39116;0.02344,0.38931;0.01417,0.41113;0.04491
PD_4_3,Recall,0.47818;0.03196,0.46536;0.0144,0.39699;0.06859,0.46334;0.00849,0.42465;0.00678,0.35335;0.03541,0.40778;0.01643,0.26541;0.07677,0.47796;0.00893,0.43387;0.01152,0.32614;0.08897,0.40103;0.02342,0.29324;0.02174,0.27567;0.01752,0.30137;0.02485,0.25877;0.01481,0.25541;0.01488,0.21116;0.02269
PD_4_3,F1,0.41639;0.04433,0.4119;0.01993,0.34556;0.07755,0.40166;0.00792,0.36544;0.00968,0.30383;0.03213,0.37335;0.01583,0.18616;0.07969,0.42337;0.01741,0.38453;0.00977,0.26176;0.08489,0.35006;0.02465,0.31087;0.02269,0.29781;0.01646,0.35322;0.02205,0.29954;0.01726,0.29694;0.0119,0.26687;0.02401
PD_4_3,Time,120.59156;18.9622,210.45742;37.50598,112.98146;35.22931,18.55866;1.58305,29.19108;2.3735,71.78425;13.95809,115.44409;18.06626,166.12458;54.22318,72.99678;17.29888,45.94952;7.63539,57.4529;19.42918,93.77015;15.50978,0.11672;0.00742,0.40814;0.01498,0.01087;0.00085,0.01744;0.00156,0.06422;0.00595,0.00813;0.00021
PD_4_4,Accuracy,0.70874;0.0115,0.69945;0.01574,0.55984;0.03733,0.71421;0.00982,0.67896;0.0153,0.67158;0.0305,0.68224;0.03312,0.54536;0.06486,0.69044;0.0246,0.70492;0.01572,0.4847;0.11637,0.68087;0.02574,0.64901;0.01858,0.66174;0.01427,0.59524;0.01135,0.60714;0.01117,0.61248;0.02527,0.62726;0.02283
PD_4_4,Precision,0.6894;0.02513,0.66631;0.02144,0.53683;0.04208,0.66232;0.00826,0.67432;0.01446,0.62085;0.03396,0.69818;0.01804,0.55766;0.06703,0.67687;0.02499,0.67155;0.0177,0.49371;0.12518,0.64449;0.01453,0.67764;0.01764,0.68234;0.02068,0.65025;0.01397,0.67092;0.01803,0.65722;0.01056,0.66821;0.02185
PD_4_4,Recall,0.70874;0.0115,0.69945;0.01574,0.55984;0.03733,0.71421;0.00982,0.67896;0.0153,0.67158;0.0305,0.68224;0.03312,0.54536;0.06486,0.69044;0.0246,0.70492;0.01572,0.4847;0.11637,0.68087;0.02574,0.64901;0.01858,0.66174;0.01427,0.59524;0.01135,0.60714;0.01117,0.61248;0.02527,0.62726;0.02283
PD_4_4,F1,0.67883;0.01628,0.66052;0.01634,0.50791;0.03793,0.67037;0.01132,0.64981;0.0133,0.62688;0.02592,0.66688;0.0231,0.50899;0.07661,0.66127;0.01946,0.66754;0.0181,0.42742;0.11896,0.64024;0.01328,0.65788;0.01677,0.66686;0.01639,0.61263;0.01198,0.61572;0.00582,0.61296;0.02061,0.62178;0.01584
PD_4_4,Time,252.15804;30.04399,533.12867;96.82383,58.117;17.24681,18.61532;1.62245,22.48869;2.68759,42.1944;5.85315,253.02471;74.0286,273.02459;59.6679,80.62278;18.36455,57.01093;12.95918,39.01728;9.26109,74.75885;19.72358,0.1929;0.00551,0.7354;0.13307,0.01712;0.00104,0.01034;0.00036,0.04266;0.00846,0.00769;0.00158
PD_4_5,Accuracy,0.87261;0.01603,0.75053;0.24741,0.66667;0.11673,0.87049;0.01751,0.86412;0.01863,0.67516;0.04608,0.18577;0.0703,0.0966;0.06521,0.18047;0.0535,0.74416;0.27901,0.06794;0.02643,0.08917;0.0,0.82773;0.02357,0.84052;0.03239,0.83887;0.0282,0.83579;0.02628,0.83414;0.03147,0.65241;0.02985
PD_4_5,Precision,0.8359;0.01254,0.73418;0.2167,0.66895;0.1202,0.84921;0.0221,0.83209;0.01909,0.67507;0.0521,0.04666;0.03556,0.028;0.04047,0.1054;0.03654,0.69701;0.30537,0.00542;0.00449,0.00795;0.0,0.82972;0.01528,0.85276;0.02678,0.84301;0.02028,0.79641;0.0143,0.80343;0.01829,0.71865;0.01623
PD_4_5,Recall,0.87261;0.01603,0.75053;0.24741,0.66667;0.11673,0.87049;0.01751,0.86412;0.01863,0.67516;0.04608,0.18577;0.0703,0.0966;0.06521,0.18047;0.0535,0.74416;0.27901,0.06794;0.02643,0.08917;0.0,0.82773;0.02357,0.84052;0.03239,0.83887;0.0282,0.83579;0.02628,0.83414;0.03147,0.65241;0.02985
PD_4_5,F1,0.83674;0.01531,0.70635;0.27396,0.63267;0.12103,0.84368;0.02018,0.82997;0.02058,0.63358;0.04502,0.07092;0.04713,0.03273;0.04064,0.0973;0.03628,0.69885;0.30114,0.00992;0.00791,0.0146;0.0,0.81416;0.01847,0.82999;0.02467,0.8263;0.02335,0.80025;0.02184,0.80374;0.0244,0.65974;0.02236
PD_4_5,Time,31.15316;1.62382,26.53235;6.94018,23.98706;5.07657,13.90561;0.69928,13.55076;0.65034,27.85741;2.14621,9.98564;0.45658,10.1811;0.41842,8.99718;0.30984,24.53695;7.48158,6.94209;0.20534,9.14902;0.3126,0.00431;0.00039,0.01929;0.00519,0.00257;0.00026,0.00244;0.00013,0.00694;0.00234,0.00209;0.00013
PD_4_6,Accuracy,0.87261;0.01603,0.75053;0.24741,0.66667;0.11673,0.87049;0.01751,0.86412;0.01863,0.67516;0.04608,0.18577;0.0703,0.0966;0.06521,0.18047;0.0535,0.74416;0.27901,0.06794;0.02643,0.08917;0.0,0.82773;0.02357,0.84052;0.03239,0.83887;0.0282,0.83579;0.02628,0.83414;0.03147,0.65241;0.02985
PD_4_6,Precision,0.8359;0.01254,0.73418;0.2167,0.66895;0.1202,0.84921;0.0221,0.83209;0.01909,0.67507;0.0521,0.04666;0.03556,0.028;0.04047,0.1054;0.03654,0.69701;0.30537,0.00542;0.00449,0.00795;0.0,0.82972;0.01528,0.85276;0.02678,0.84301;0.02028,0.79641;0.0143,0.80343;0.01829,0.71865;0.01623
PD_4_6,Recall,0.87261;0.01603,0.75053;0.24741,0.66667;0.11673,0.87049;0.01751,0.86412;0.01863,0.67516;0.04608,0.18577;0.0703,0.0966;0.06521,0.18047;0.0535,0.74416;0.27901,0.06794;0.02643,0.08917;0.0,0.82773;0.02357,0.84052;0.03239,0.83887;0.0282,0.83579;0.02628,0.83414;0.03147,0.65241;0.02985
PD_4_6,F1,0.83674;0.01531,0.70635;0.27396,0.63267;0.12103,0.84368;0.02018,0.82997;0.02058,0.63358;0.04502,0.07092;0.04713,0.03273;0.04064,0.0973;0.03628,0.69885;0.30114,0.00992;0.00791,0.0146;0.0,0.81416;0.01847,0.82999;0.02467,0.8263;0.02335,0.80025;0.02184,0.80374;0.0244,0.65974;0.02236
PD_4_6,Time,31.15316;1.62382,26.53235;6.94018,23.98706;5.07657,13.90561;0.69928,13.55076;0.65034,27.85741;2.14621,9.98564;0.45658,10.1811;0.41842,8.99718;0.30984,24.53695;7.48158,6.94209;0.20534,9.14902;0.3126,0.00431;0.00039,0.01929;0.00519,0.00257;0.00026,0.00244;0.00013,0.00694;0.00234,0.00209;0.00013
PD_4_7,Accuracy,0.29099;0.02515,0.28018;0.04764,0.30991;0.02786,0.17808;0.00627,0.17778;0.02699,0.19219;0.00844,0.22793;0.0363,0.15796;0.02993,0.32673;0.01051,0.17477;0.0239,0.12402;0.02114,0.18589;0.01214,0.13975;0.01154,0.12997;0.01782,0.23365;0.01895,0.071;0.00537,0.07025;0.00906,0.0293;0.00262
PD_4_7,Precision,0.27741;0.01084,0.22726;0.04205,0.26928;0.03955,0.12905;0.00876,0.0975;0.03522,0.12538;0.01395,0.16688;0.03592,0.09167;0.04187,0.31795;0.01431,0.12892;0.02335,0.0598;0.01651,0.14167;0.02275,0.16445;0.01503,0.14793;0.02048,0.31346;0.01198,0.11929;0.01683,0.1122;0.01727,0.11717;0.01253
PD_4_7,Recall,0.29099;0.02515,0.28018;0.04764,0.30991;0.02786,0.17808;0.00627,0.17778;0.02699,0.19219;0.00844,0.22793;0.0363,0.15796;0.02993,0.32673;0.01051,0.17477;0.0239,0.12402;0.02114,0.18589;0.01214,0.13975;0.01154,0.12997;0.01782,0.23365;0.01895,0.071;0.00537,0.07025;0.00906,0.0293;0.00262
PD_4_7,F1,0.24747;0.02048,0.21064;0.04123,0.24082;0.04546,0.14125;0.00732,0.10776;0.02985,0.13121;0.0 0904,0.16743;0.04107,0.09253;0.01777,0.28914;0.00953,0.12455;0.01517,0.05824;0.02072,0.13263;0.0072,0.14854;0.01258,0.1368;0.0184,0.26389;0.01601,0.08689;0.00712,0.08484;0.01159,0.04439;0.00396
PD_4_7,Time,55.02185;10.36291,105.78785;24.87554,147.97995;45.93391,23.92371;3.37274,32.81131;9.28133,110.58831;27.57221,40.92007;0.40488,62.4326;20.58739,86.01824;12.23779,36.758;8.68276,36.43836;8.36541,92.01988;9.36893,0.07913;0.00292,0.30051;0.00824,0.01286;0.00049,0.02288;0.00124,0.08395;0.00372,0.0109;0.00088
PD_4_8,Accuracy,0.62595;0.01044,0.56174;0.08007,0.54905;0.03195,0.58182;0.01057,0.54697;0.06452,0.5678;0.0283,0.58201;0.00913,0.4858;0.03339,0.59205;0.02526,0.57841;0.01401,0.33239;0.11182,0.57727;0.02095,0.55895;0.01718,0.55185;0.01642,0.46402;0.02416,0.51515;0.02407,0.51941;0.01371,0.50355;0.02417
PD_4_8,Precision,0.61278;0.00755,0.56253;0.07441,0.53379;0.02889,0.56105;0.024,0.51691;0.05629,0.51148;0.0167,0.58264;0.02112,0.50389;0.04027,0.57907;0.02225,0.54967;0.01582,0.32921;0.12112,0.52722;0.02717,0.58119;0.02032,0.5744;0.01777,0.51955;0.0253,0.60625;0.02466,0.59636;0.02024,0.60113;0.04369
PD_4_8,Recall,0.62595;0.01044,0.56174;0.08007,0.54905;0.03195,0.58182;0.01057,0.54697;0.06452,0.5678;0.0283,0.58201;0.00913,0.4858;0.03339,0.59205;0.02526,0.57841;0.01401,0.33239;0.11182,0.57727;0.02095,0.55895;0.01718,0.55185;0.01642,0.46402;0.02416,0.51515;0.02407,0.51941;0.01371,0.50355;0.02417
PD_4_8,F1,0.58439;0.00281,0.53594;0.07654,0.51492;0.036,0.54421;0.01368,0.50649;0.06415,0.51316;0.02214,0.55349;0.00884,0.45352;0.02899,0.54096;0.02217,0.52736;0.00648,0.26617;0.10498,0.51659;0.02472,0.56508;0.01788,0.5598;0.01598,0.48159;0.02246,0.53527;0.0211,0.53527;0.01558,0.50998;0.01801
PD_4_8,Time,1042.9317;210.56779,1690.2619;488.12845,249.09143;46.81103,49.06005;16.5064,52.27454;6.97637,215.74034;63.07189,390.6269;71.34653,537.98109;123.67059,161.81386;37.80923,73.46424;17.87609,77.61374;27.42102,211.81668;78.39334,0.52944;0.02409,1.72652;0.06392,0.03482;0.00193,0.01738;0.00094,0.06342;0.00362,0.01088;0.00056
PD_5_1,Accuracy,0.61149;0.01665,0.6132;0.02295,0.36945;0.06751,0.57907;0.01544,0.55347;0.03281,0.42321;0.06432,0.58618;0.03157,0.52048;0.03321,0.62514;0.03355,0.55546;0.0143,0.55148;0.0178,0.57992;0.01901,0.50534;0.01899,0.50961;0.01087,0.5331;0.01142,0.47287;0.02143,0.48825;0.00889,0.46092;0.01126
PD_5_1,Precision,0.62821;0.03755,0.61172;0.02795,0.36026;0.08833,0.56229;0.01689,0.52153;0.02301,0.41139;0.05613,0.59879;0.01917,0.46285;0.02439,0.63777;0.02648,0.54906;0.00798,0.53025;0.04689,0.56339;0.02249,0.57653;0.02098,0.58111;0.02428,0.66859;0.01311,0.53687;0.02846,0.55254;0.01605,0.55222;0.03454
PD_5_1,Recall,0.61149;0.01665,0.6132;0.02295,0.36945;0.06751,0.57907;0.01544,0.55347;0.03281,0.42321;0.06432,0.58618;0.03157,0.52048;0.03321,0.62514;0.03355,0.55546;0.0143,0.55148;0.0178,0.57992;0.01901,0.50534;0.01899,0.50961;0.01087,0.5331;0.01142,0.47287;0.02143,0.48825;0.00889,0.46092;0.01126
PD_5_1,F1,0.59256;0.00838,0.57886;0.02381,0.32625;0.07531,0.54635;0.01771,0.50859;0.03996,0.37315;0.07195,0.56334;0.02899,0.45688;0.03098,0.60305;0.04089,0.52708;0.01573,0.50737;0.0293,0.54964;0.01997,0.52458;0.0183,0.52769;0.01457,0.56948;0.01088,0.48124;0.02754,0.49824;0.00886,0.4712;0.0123
PD_5_1,Time,104.43596;23.42378,125.93775;30.14314,91.55836;22.13917,21.42539;3.47686,20.25277;3.59494,83.10281;14.93528,117.16627;28.80384,143.59911;24.28701,130.14173;40.66735,37.30374;3.08131,51.49625;11.73129,223.37357;153.04695,0.09436;0.00899,0.4488;0.01604,0.01564;0.00217,0.02829;0.00804,0.15079;0.0088,0.01283;0.00105
PD_5_2,Accuracy,0.64505;0.05161,0.66215;0.01032,0.60286;0.01498,0.61768;0.00216,0.61027;0.00653,0.55055;0.00807,0.66391;0.00293,0.62947;0.02551,0.66287;0.00724,0.61479;0.00093,0.59877;0.00959,0.56395;0.00315,0.60033;0.0044,0.59826;0.00459,0.56854;0.00567,0.50403;0.00587,0.5056;0.00328,0.41122;0.00694
PD_5_2,Precision,0.63983;0.11788,0.67992;0.01834,0.59367;0.02233,0.60972;0.00482,0.59346;0.01345,0.50525;0.01652,0.67845;0.01105,0.63011;0.03236,0.67048;0.00953,0.61213;0.00656,0.59855;0.00621,0.53654;0.00412,0.67497;0.00389,0.6703;0.0053,0.71154;0.00415,0.59526;0.005,0.59148;0.00755,0.49958;0.00184
PD_5_2,Recall,0.64505;0.05161,0.66215;0.01032,0.60286;0.01498,0.61768;0.00216,0.61027;0.00653,0.55055;0.00807,0.66391;0.00293,0.62947;0.02551,0.66287;0.00724,0.61479;0.00093,0.59877;0.00959,0.56395;0.00315,0.60033;0.0044,0.59826;0.00459,0.56854;0.00567,0.50403;0.00587,0.5056;0.00328,0.41122;0.00694
PD_5_2,F1,0.60899;0.08237,0.64406;0.01367,0.55955;0.0236,0.59149;0.00417,0.5793;0.00835,0.50507;0.01079,0.64901;0.00272,0.60757;0.03565,0.64644;0.00594,0.58684;0.00685,0.57059;0.00788,0.52982;0.00492,0.62352;0.00437,0.6207;0.00449,0.61143;0.00464,0.51983;0.00592,0.5208;0.00265,0.44452;0.00594
PD_5_2,Time,600.31123;262.08291,1683.13068;172.70272,641.33692;133.29427,78.36419;20.92877,142.11175;25.86378,470.64447;153.52879,669.57055;44.51505,1348.25647;482.22972,752.78581;201.54536,346.9658;74.33487,274.15337;72.04969,925.40976;169.39069,1.88591;0.32628,4.44934;0.1179,0.08069;0.00143,0.12824;0.00387,0.5148;0.01489,0.0629;0.00641
PD_5_3,Accuracy,0.35764;0.00152,0.33167;0.00493,0.32837;0.01149,0.2787;0.0036,0.28125;0.00405,0.23853;0.01044,0.30432;0.0057,0.26129;0.04081,0.34463;0.00611,0.27242;0.0032,0.27867;0.00231,0.26709;0.0037,0.16273;0.00343,0.14225;0.00331,0.1549;0.00535,0.10484;0.00229,0.09934;0.00481,0.06072;0.00182
PD_5_3,Precision,0.32303;0.00641,0.26239;0.01209,0.29643;0.01568,0.21922;0.00516,0.21785;0.00706,0.18101;0.01499,0.2445;0.0085,0.18693;0.03075,0.32221;0.0102,0.21319;0.00302,0.21346;0.01111,0.21597;0.00643,0.178;0.00321,0.16124;0.00385,0.20191;0.00567,0.19492;0.00549,0.19052;0.00585,0.19556;0.01088
PD_5_3,Recall,0.35764;0.00152,0.33167;0.00493,0.32837;0.01149,0.2787;0.0036,0.28125;0.00405,0.23853;0.01044,0.30432;0.0057,0.26129;0.04081,0.34463;0.00611,0.27242;0.0032,0.27867;0.00231,0.26709;0.0037,0.16273;0.00343,0.14225;0.00331,0.1549;0.00535,0.10484;0.00229,0.09934;0.00481,0.06072;0.00182
PD_5_3,F1,0.30635;0.00133,0.27216;0.00862,0.27609;0.01297,0.22989;0.00304,0.22971;0.00504,0.18372;0.01503,0.25508;0.00425,0.20011;0.03744,0.30691;0.00516,0.22408;0.00209,0.22171;0.0029,0.22084;0.00306,0.16892;0.00333,0.14999;0.0035,0.17275;0.00547,0.13281;0.00303,0.1277;0.0049,0.08798;0.00259
PD_5_3,Time,1917.47453;332.90405,3079.11492;534.13692,1744.19341;313.77461,102.75764;22.29479,169.53984;25.28045,767.68363;360.02209,1472.25265;116.04294,2108.90021;376.4903,1112.47577;64.4104,429.55978;40.67922,787.35181;97.40479,927.99276;96.06321,12.42022;0.93231,37.35578;0.84976,0.38995;0.00548,0.45712;0.00656,2.45995;0.04991,0.17675;0.00527
Pdc_2020_0,Accuracy,0.57378;0.00861,0.52967;0.01612,0.55656;0.01888,0.53422;0.01374,0.41111;0.07743,0.53289;0.00617,0.56378;0.00449,0.55844;0.0231,0.57878;0.01198,0.54911;0.00853,0.33978;0.10113,0.54489;0.0031,0.47075;0.01018,0.46933;0.00916,0.45383;0.0064,0.41667;0.00955,0.417;0.01088,0.4305;0.00679
Pdc_2020_0,Precision,0.565;0.01183,0.52926;0.00643,0.51892;0.01439,0.50438;0.00802,0.41815;0.04949,0.49632;0.00955,0.57057;0.02144,0.5476;0.01422,0.5459;0.01085,0.49886;0.00674,0.42407;0.02722,0.51104;0.01496,0.56794;0.01268,0.55878;0.01843,0.58346;0.02066,0.52286;0.02656,0.54247;0.02426,0.54695;0.01803
Pdc_2020_0,Recall,0.57378;0.00861,0.52967;0.01612,0.55656;0.01888,0.53422;0.01374,0.41111;0.07743,0.53289;0.00617,0.56378;0.00449,0.55844;0.0231,0.57878;0.01198,0.54911;0.00853,0.33978;0.10113,0.54489;0.0031,0.47075;0.01018,0.46933;0.00916,0.45383;0.0064,0.41667;0.00955,0.417;0.01088,0.4305;0.00679
Pdc_2020_0,F1,0.55195;0.00787,0.49798;0.01336,0.51796;0.02123,0.50327;0.01113,0.35991;0.08405,0.4936;0.00392,0.53903;0.00147,0.52693;0.02251,0.53362;0.01518,0.50135;0.00227,0.30556;0.0966,0.50559;0.00724,0.49342;0.01054,0.49197;0.00744,0.47802;0.00601,0.43174;0.00765,0.43529;0.01174,0.44316;0.006
Pdc_2020_0,Time,207.12529;18.8754,238.48006;25.02719,327.12151;42.27454,132.96152;57.79455,70.08863;2.73988,333.60075;47.57473,353.3658;26.11494,470.08134;79.00648,456.87417;90.98125,290.61723;55.88612,181.83466;71.28592,549.88289;33.56565,0.21948;0.02096,1.06888;0.05119,0.0334;0.00108,0.06805;0.00129,0.25881;0.00358,0.03154;0.0008
Pdc_2020_1,Accuracy,0.54796;0.00397,0.53373;0.00639,0.52395;0.02258,0.51428;0.0014,0.50973;0.00079,0.51906;0.0096,0.53562;0.01103,0.47271;0.05031,0.54685;0.00191,0.5214;0.00273,0.42759;0.07095,0.52384;0.00706,0.44957;0.00721,0.43948;0.02235,0.43523;0.01436,0.40688;0.00643,0.40955;0.00626,0.40397;0.01547
Pdc_2020_1,Precision,0.55089;0.02922,0.52813;0.0084,0.48304;0.03571,0.50369;0.01427,0.47513;0.0174,0.48661;0.01363,0.52723;0.02086,0.47695;0.02956,0.51402;0.00588,0.46939;0.01775,0.43076;0.07351,0.48936;0.01362,0.54204;0.00866,0.53357;0.00797,0.59529;0.01732,0.52509;0.02078,0.52546;0.01728,0.5353;0.01744
Pdc_2020_1,Recall,0.54796;0.00397,0.53373;0.00639,0.52395;0.02258,0.51428;0.0014,0.50973;0.00079,0.51906;0.0096,0.53562;0.01103,0.47271;0.05031,0.54685;0.00191,0.5214;0.00273,0.42759;0.07095,0.52384;0.00706,0.44957;0.00721,0.43948;0.02235,0.43523;0.01436,0.40688;0.00643,0.40955;0.00626,0.40397;0.01547
Pdc_2020_1,F1,0.51949;0.00769,0.50571;0.00181,0.47342;0.03066,0.47952;0.01128,0.47491;0.00996,0.4839;0.0138,0.50215;0.01057,0.4398;0.05113,0.49878;0.00258,0.47303;0.0064,0.38741;0.07933,0.48646;0.00088,0.47426;0.00729,0.46522;0.02043,0.46759;0.01099,0.4275;0.00714,0.43037;0.00524,0.42409;0.01631
Pdc_2020_1,Time,221.63918;53.95987,356.55902;24.12507,388.94697;50.68913,98.14798;15.98649,111.11746;20.60894,444.97198;183.05608,256.88043;13.37641,390.46451;180.30846,401.89776;29.76029,304.48902;79.7843,219.83422;64.35556,524.20141;226.17861,0.28114;0.00233,1.40482;0.02883,0.04431;0.00213,0.0755;0.00192,0.27588;0.00224,0.03502;0.00059
Pdc_2021_0,Accuracy,0.79589;0.00415,0.78156;0.00754,0.6461;0.05337,0.79234;0.00391,0.77844;0.00821,0.74241;0.01592,0.79426;0.00696,0.72574;0.10492,0.72532;0.15754,0.79234;0.00559,0.42277;0.17505,0.7934;0.00445,0.75668;0.00515,0.75168;0.00712,0.7538;0.00726,0.7338;0.00507,0.73572;0.00651,0.73635;0.00747
Pdc_2021_0,Precision,0.74651;0.00614,0.73198;0.01172,0.59024;0.05968,0.73967;0.0033,0.71969;0.01378,0.67322;0.0207,0.75818;0.00954,0.67974;0.10577,0.68865;0.17161,0.73786;0.00616,0.36398;0.16506,0.74147;0.00523,0.765;0.00329,0.75549;0.00562,0.75945;0.00664,0.73255;0.00883,0.72973;0.00812,0.73352;0.00781
Pdc_2021_0,Recall,0.79589;0.00415,0.78156;0.00754,0.6461;0.05337,0.79234;0.00391,0.77844;0.00821,0.74241;0.01592,0.79426;0.00696,0.72574;0.10492,0.72532;0.15754,0.79234;0.00559,0.42277;0.17505,0.7934;0.00445,0.75668;0.00515,0.75168;0.00712,0.7538;0.00726,0.7338;0.00507,0.73572;0.00651,0.73635;0.00747
Pdc_2021_0,F1,0.75426;0.00653,0.74129;0.00974,0.58865;0.06084,0.7485;0.00378,0.73158;0.01152,0.68705;0.01998,0.7586;0.00879,0.68052;0.11751,0.68565;0.17598,0.74796;0.00619,0.36287;0.17389,0.75027;0.00468,0.75255;0.00292,0.74748;0.00526,0.75017;0.00703,0.72351;0.00438,0.72327;0.00562,0.7248;0.00533
Pdc_2021_1,Accuracy,0.77892;0.00723,0.75741;0.00882,0.71239;0.02404,0.77557;0.00664,0.75363;0.00955,0.73148;0.01941,0.77778;0.00741,0.76332;0.00765,0.77699;0.0084,0.77293;0.01193,0.4505;0.17794,0.77415;0.00662,0.72844;0.00628,0.72577;0.0116,0.72438;0.00591,0.7061;0.0051,0.70706;0.00439,0.70589;0.00477
Pdc_2021_1,Precision,0.75085;0.01639,0.72179;0.01722,0.67808;0.03422,0.7469;0.00895,0.70517;0.01961,0.67217;0.01678,0.76889;0.02278,0.74373;0.01796,0.77551;0.01417,0.73179;0.01257,0.38729;0.18785,0.77043;0.01757,0.7641;0.01175,0.76219;0.01917,0.76354;0.01795,0.73737;0.01452,0.73836;0.01365,0.74906;0.01421
Pdc_2021_1,Recall,0.77892;0.00723,0.75741;0.00882,0.71239;0.02404,0.77557;0.00664,0.75363;0.00955,0.73148;0.01941,0.77778;0.00741,0.76332;0.00765,0.77699;0.0084,0.77293;0.01193,0.4505;0.17794,0.77415;0.00662,0.72844;0.00628,0.72577;0.0116,0.72438;0.00591,0.7061;0.0051,0.70706;0.00439,0.70589;0.00477
Pdc_2021_1,F1,0.73989;0.00861,0.71466;0.01354,0.65986;0.02955,0.73351;0.00722,0.70898;0.01393,0.68206;0.01971,0.7429;0.0092,0.72759;0.00962,0.74299;0.01063,0.73102;0.01284,0.38121;0.18197,0.73489;0.00575,0.72791;0.00681,0.72661;0.00817,0.72463;0.00482,0.70417;0.00353,0.70502;0.00566,0.70329;0.00546
Pdc_2021_1,Time,215.66765;52.65777,429.65868;103.41308,616.69195;65.71369,36.29074;6.37806,69.89288;17.46812,541.9594;81.08935,339.92414;94.43199,594.84558;113.17124,521.7726;132.60519,148.5928;40.79621,127.3805;38.45909,644.87633;146.85289,1.15023;0.16338,10.49707;0.3585,0.09462;0.00225,0.16281;0.0035,1.71246;0.09701,0.06967;0.00074
Pdc_2021_10,Accuracy,0.80375;0.00783,0.78262;0.00749,0.68138;0.05738,0.79156;0.00953,0.77861;0.00273,0.73404;0.01709,0.80332;0.00457,0.79037;0.00424,0.80136;0.00189,0.79608;0.00315,0.62233;0.09982,0.79284;0.00465,0.77714;0.00294,0.77064;0.00678,0.77692;0.00271,0.75274;0.01366,0.75668;0.01005,0.75999;0.01
Pdc_2021_10,Precision,0.76407;0.01888,0.7413;0.01436,0.63325;0.05302,0.76562;0.01801,0.74378;0.00639,0.7087;0.0156,0.77636;0.01086,0.74647;0.02006,0.78231;0.01074,0.76029;0.00834,0.55694;0.10723,0.76163;0.01116,0.77095;0.00491,0.77045;0.00621,0.77357;0.00714,0.75963;0.00656,0.76465;0.00838,0.75474;0.00708
Pdc_2021_10,Recall,0.80375;0.00783,0.78262;0.00749,0.68138;0.05738,0.79156;0.00953,0.77861;0.00273,0.73404;0.01709,0.80332;0.00457,0.79037;0.00424,0.80136;0.00189,0.79608;0.00315,0.62233;0.09982,0.79284;0.00465,0.77714;0.00294,0.77064;0.00678,0.77692;0.00271,0.75274;0.01366,0.75668;0.01005,0.75999;0.01
Pdc_2021_10,F1,0.76489;0.00766,0.74535;0.0137,0.6299;0.06113,0.7536;0.0085,0.74242;0.003,0.69029;0.01272,0.77161;0.00627,0.74912;0.00562,0.76888;0.00631,0.7566;0.00483,0.56204;0.1077,0.75565;0.00434,0.75858;0.0035,0.75642;0.00181,0.76127;0.00337,0.73844;0.00651,0.74137;0.0049,0.74124;0.00437
Pdc_2021_10,Time,366.66733;95.16976,587.8216;140.55664,574.39196;156.8039,88.74643;18.22366,97.0972;15.11717,513.91581;107.82484,506.11041;165.23543,727.20671;203.6498,580.0885;194.2013,213.76285;56.9284,142.66747;32.15654,624.60349;275.49722,0.62366;0.01702,5.0531;0.31157,0.06617;0.00051,0.11168;0.00275,0.80994;0.03226,0.05097;0.00187
Pdc_2021_11,Accuracy,0.74723;0.04153,0.75917;0.00369,0.69239;0.02463,0.77387;0.00397,0.74723;0.01257,0.70958;0.04236,0.78187;0.00296,0.76321;0.00556,0.77783;0.00399,0.77508;0.0058,0.62879;0.07358,0.77344;0.00529,0.70026;0.01934,0.68156;0.01524,0.69402;0.0271,0.68393;0.01935,0.70155;0.03046,0.70649;0.03116
Pdc_2021_11,Precision,0.72086;0.04014,0.71889;0.01776,0.66301;0.0304,0.74327;0.01667,0.71412;0.03257,0.68188;0.05724,0.76121;0.01413,0.74244;0.01875,0.77868;0.01136,0.74323;0.02231,0.58723;0.07763,0.74598;0.0134,0.75585;0.01011,0.75834;0.0147,0.76747;0.02025,0.74003;0.01439,0.73741;0.005,0.7524;0.00594
Pdc_2021_11,Recall,0.74723;0.04153,0.75917;0.00369,0.69239;0.02463,0.77387;0.00397,0.74723;0.01257,0.70958;0.04236,0.78187;0.00296,0.76321;0.00556,0.77783;0.00399,0.77508;0.0058,0.62879;0.07358,0.77344;0.00529,0.70026;0.01934,0.68156;0.01524,0.69402;0.0271,0.68393;0.01935,0.70155;0.03046,0.70649;0.03116
Pdc_2021_11,F1,0.70714;0.04542,0.72144;0.01272,0.64445;0.03005,0.73726;0.00751,0.70403;0.01552,0.66639;0.04717,0.75012;0.00645,0.72946;0.0091,0.74822;0.00627,0.73823;0.0118,0.57659;0.07831,0.73073;0.00729,0.70952;0.01424,0.69756;0.01009,0.70703;0.01732,0.68801;0.01476,0.70009;0.01854,0.7022;0.02217
Pdc_2021_11,Time,334.62538;94.07208,514.50405;106.47935,828.70811;170.61357,81.78011;8.90754,107.97293;22.331,531.46415;135.23977,420.74698;96.79065,627.69603;86.9776,575.14176;118.2533,227.67984;45.84949,130.16806;36.57845,660.89172;136.62704,0.82682;0.02215,6.07623;0.0705,0.07938;0.00235,0.20401;0.05607,1.04255;0.24959,0.0538;0.00072
Pdc_2021_13,Accuracy,0.76973;0.00456,0.75127;0.01049,0.53575;0.0905,0.76826;0.00352,0.74239;0.0107,0.67339;0.07968,0.77456;0.00167,0.74377;0.00667,0.78111;0.00219,0.76688;0.01056,0.58085;0.08895,0.76671;0.00655,0.70778;0.01244,0.71037;0.00521,0.71673;0.00662,0.68201;0.00443,0.68471;0.02304,0.69032;0.00909
Pdc_2021_13,Precision,0.74783;0.01587,0.73933;0.01814,0.50659;0.09803,0.74413;0.01966,0.73663;0.01474,0.65414;0.08121,0.76772;0.00829,0.73103;0.01221,0.78187;0.0125,0.74569;0.01022,0.55206;0.07244,0.75789;0.00771,0.77061;0.01485,0.76464;0.01381,0.77913;0.01611,0.7523;0.02111,0.75349;0.01435,0.75284;0.02044
Pdc_2021_13,Recall,0.76973;0.00456,0.75127;0.01049,0.53575;0.0905,0.76826;0.00352,0.74239;0.0107,0.67339;0.07968,0.77456;0.00167,0.74377;0.00667,0.78111;0.00219,0.76688;0.01056,0.58085;0.08895,0.76671;0.00655,0.70778;0.01244,0.71037;0.00521,0.71673;0.00662,0.68201;0.00443,0.68471;0.02304,0.69032;0.00909
Pdc_2021_13,F1,0.73239;0.00876,0.7214;0.00787,0.48391;0.0867,0.73092;0.00374,0.71075;0.01137,0.63653;0.08448,0.74908;0.00314,0.71103;0.00557,0.75342;0.00266,0.73304;0.00631,0.5244;0.08699,0.73369;0.004,0.71399;0.009,0.7154;0.00503,0.71988;0.00538,0.68964;0.0046,0.69228;0.01806,0.69367;0.0074
Pdc_2021_13,Time,396.27644;78.68945,548.55607;171.27962,578.63689;117.72029,90.29808;30.93058,134.94873;25.57335,703.5733;325.69447,425.73757;113.20749,552.46127;173.78091,533.41932;47.82127,236.87009;58.01578,200.22369;63.32224,411.77907;122.40404,1.0952;0.15946,6.53064;0.51755,0.09238;0.00439,0.15755;0.00477,1.05088;0.05908,0.06397;0.00307
Pdc_2021_2,Accuracy,0.78486;0.00391,0.76701;0.00585,0.67567;0.05873,0.78102;0.00075,0.76405;0.00072,0.73322;0.00485,0.78678;0.00647,0.7462;0.02896,0.78545;0.00481,0.78058;0.00316,0.52354;0.04802,0.78693;0.00746,0.73508;0.00416,0.73497;0.00674,0.72855;0.00562,0.71051;0.00411,0.71139;0.00769,0.71106;0.00655
Pdc_2021_2,Precision,0.76108;0.01563,0.72691;0.00748,0.63613;0.05131,0.74105;0.0073,0.72514;0.01168,0.66762;0.00681,0.75208;0.00937,0.70433;0.0428,0.77442;0.00841,0.74671;0.01203,0.43841;0.05207,0.75644;0.01345,0.7643;0.01185,0.76394;0.01237,0.76612;0.00795,0.73377;0.00586,0.73553;0.01181,0.72709;0.00635
Pdc_2021_2,Recall,0.78486;0.00391,0.76701;0.00585,0.67567;0.05873,0.78102;0.00075,0.76405;0.00072,0.73322;0.00485,0.78678;0.00647,0.7462;0.02896,0.78545;0.00481,0.78058;0.00316,0.52354;0.04802,0.78693;0.00746,0.73508;0.00416,0.73497;0.00674,0.72855;0.00562,0.71051;0.00411,0.71139;0.00769,0.71106;0.00655
Pdc_2021_2,F1,0.75024;0.00581,0.72761;0.00626,0.62825;0.06133,0.74242;0.00091,0.72158;0.00104,0.67984;0.00347,0.75324;0.00871,0.70849;0.03655,0.75462;0.00514,0.74112;0.00369,0.44838;0.047,0.75234;0.00839,0.73782;0.00498,0.73728;0.00668,0.73341;0.00539,0.70978;0.00436,0.71046;0.00618,0.70784;0.0047
Pdc_2021_2,Time,233.68511;85.29518,501.10229;117.81513,525.20628;257.5398,77.16572;4.94141,110.26206;15.48405,467.10413;130.43296,145.35855;28.34852,190.79067;37.07807,272.81903;72.00106,80.12892;20.99261,64.98693;16.48123,273.72206;83.28806,1.16933;0.02764,9.03512;0.39873,0.08783;0.00361,0.16333;0.00628,1.28614;0.09001,0.06276;0.00171
Pdc_2021_3,Accuracy,0.77589;0.00521,0.75051;0.00452,0.67581;0.04752,0.76574;0.00593,0.74739;0.00603,0.67464;0.04028,0.77495;0.00748,0.7508;0.00816,0.77836;0.00929,0.76443;0.00896,0.53024;0.09741,0.7661;0.00181,0.70337;0.01472,0.70392;0.00595,0.71915;0.00889,0.68411;0.00712,0.68509;0.01121,0.68977;0.01071
Pdc_2021_3,Precision,0.74737;0.01771,0.73036;0.01417,0.62141;0.04638,0.74328;0.02134,0.70441;0.01041,0.6112;0.04931,0.76297;0.01283,0.72796;0.01985,0.77211;0.01477,0.73963;0.01284,0.44344;0.09743,0.74445;0.0147,0.76559;0.01013,0.77206;0.01214,0.7848;0.02439,0.74006;0.01177,0.73187;0.01773,0.74857;0.02651
Pdc_2021_3,Recall,0.77589;0.00521,0.75051;0.00452,0.67581;0.04752,0.76574;0.00593,0.74739;0.00603,0.67464;0.04028,0.77495;0.00748,0.7508;0.00816,0.77836;0.00929,0.76443;0.00896,0.53024;0.09741,0.7661;0.00181,0.70337;0.01472,0.70392;0.00595,0.71915;0.00889,0.68411;0.00712,0.68509;0.01121,0.68977;0.01071
Pdc_2021_3,F1,0.73886;0.00585,0.71073;0.00628,0.62327;0.05526,0.7278;0.00888,0.70183;0.00787,0.61734;0.04313,0.74402;0.01008,0.71964;0.00959,0.74901;0.00803,0.72595;0.00938,0.45527;0.10154,0.72885;0.0029,0.70943;0.01115,0.71086;0.00432,0.72399;0.006,0.68691;0.00501,0.6873;0.006,0.68858;0.01024
Pdc_2021_3,Time,356.70394;92.20667,702.66962;117.8852,772.05162;133.29314,93.55411;17.63327,106.81875;32.80953,807.63398;167.13664,377.96121;84.84782,591.38822;195.08393,455.63752;152.43098,192.24269;73.33847,125.2127;34.71413,493.92699;171.12735,1.12268;0.26762,10.55349;0.38313,0.09264;0.00298,0.16;0.01033,1.58184;0.04403,0.06762;0.0018
Pdc_2021_4,Accuracy,0.77378;0.00248,0.75032;0.00653,0.71841;0.02363,0.76947;0.00329,0.74334;0.00797,0.68297;0.03532,0.77654;0.00199,0.7517;0.00283,0.77706;0.00142,0.77171;0.00391,0.52816;0.11774,0.77085;0.00226,0.71042;0.00896,0.7101;0.01008,0.72271;0.00424,0.69198;0.01111,0.6964;0.01104,0.70373;0.014
Pdc_2021_4,Precision,0.75951;0.02493,0.70597;0.00963,0.6541;0.03635,0.75825;0.0081,0.69949;0.02119,0.62753;0.03928,0.77884;0.02531,0.72663;0.0115,0.79146;0.00965,0.7427;0.00977,0.46019;0.13337,0.75459;0.01909,0.77433;0.01646,0.77979;0.01758,0.79027;0.01255,0.75386;0.00597,0.75476;0.01701,0.76959;0.01266
Pdc_2021_4,Recall,0.77378;0.00248,0.75032;0.00653,0.71841;0.02363,0.76947;0.00329,0.74334;0.00797,0.68297;0.03532,0.77654;0.00199,0.7517;0.00283,0.77706;0.00142,0.77171;0.00391,0.52816;0.11774,0.77085;0.00226,0.71042;0.00896,0.7101;0.01008,0.72271;0.00424,0.69198;0.01111,0.6964;0.01104,0.70373;0.014
Pdc_2021_4,F1,0.7331;0.00447,0.70387;0.00977,0.66609;0.03016,0.72782;0.00261,0.69451;0.00937,0.62694;0.04163,0.74487;0.00587,0.71361;0.00461,0.74328;0.00457,0.72694;0.00384,0.46236;0.12986,0.72688;0.00158,0.71595;0.00831,0.71629;0.00884,0.72462;0.0045,0.69584;0.00736,0.69778;0.00699,0.70167;0.00926
Pdc_2021_4,Time,357.70937;119.02411,581.74037;28.2763,967.32198;261.46484,83.89485;20.90048,119.29121;25.47844,545.10465;92.61922,409.80281;78.99654,519.06955;76.35346,493.08441;100.90605,255.38364;26.52761,173.94861;77.3517,486.02606;66.04981,1.85873;0.13998,10.12638;0.23367,0.0989;0.00263,0.17116;0.00164,1.58178;0.04471,0.06863;0.00298
Running,Accuracy,0.2;0.1,0.225;0.18371,0.075;0.1,0.35;0.09354,0.325;0.15,0.325;0.06124,0.1;0.09354,0.05;0.06124,0.225;0.14577,0.025;0.05,0.075;0.1,0.1;0.12247,0.46667;0.07454,0.50833;0.209,0.33333;0.1993,0.425;0.10704,0.48333;0.16499,0.45;0.21409
Running,Precision,0.195;0.10565,0.08438;0.06889,0.01875;0.025,0.23083;0.12496,0.15208;0.13333,0.2317;0.17763,0.08375;0.09148,0.00625;0.00765,0.08393;0.05794,0.075;0.15,0.01562;0.02421,0.06;0.07348,0.41111;0.08535,0.47083;0.22473,0.26667;0.23034,0.41944;0.13622,0.43333;0.13437,0.35694;0.1903
Running,Recall,0.2;0.1,0.225;0.18371,0.075;0.1,0.35;0.09354,0.325;0.15,0.325;0.06124,0.1;0.09354,0.05;0.06124,0.225;0.14577,0.025;0.05,0.075;0.1,0.1;0.12247,0.46667;0.07454,0.50833;0.209,0.33333;0.1993,0.425;0.10704,0.48333;0.16499,0.45;0.21409
Running,F1,0.18792;0.08673,0.12273;0.10021,0.03;0.04,0.25571;0.11494,0.19762;0.15031,0.20035;0.08885,0.09018;0.09177,0.01111;0.01361,0.12182;0.08304,0.0375;0.075,0.02556;0.03875,0.075;0.09186,0.42778;0.07556,0.48333;0.21816,0.28333;0.22111,0.40833;0.10353,0.45;0.14337,0.38611;0.19636
Running,Time,9.84406;3.90734,7.50466;0.59114,7.05594;0.83578,9.53731;2.07031,8.06891;1.07576,7.40827;0.26933,3.94628;0.63464,3.46495;0.39634,4.54219;0.92161,5.15476;0.52773,4.53398;0.73701,4.1101;1.05195,0.01771;0.03685,0.00139;0.0001,0.0011;7e-05,0.00109;0.0001,0.00127;0.00014,0.00108;0.00011
Sepsis_log,Accuracy,0.62449;0.03099,0.63731;0.00538,0.5523;0.02124,0.59336;0.00582,0.58477;0.00561,0.49223;0.03899,0.62684;0.00639,0.59631;0.03333,0.55907;0.05087,0.59278;0.00818,0.55254;0.02916,0.54289;0.00675,0.55767;0.00978,0.54744;0.00694,0.50102;0.01114,0.48283;0.00778,0.48257;0.01013,0.43253;0.01193
Sepsis_log,Precision,0.62349;0.0218,0.62988;0.00667,0.5489;0.01457,0.58722;0.0088,0.58752;0.01078,0.49275;0.0381,0.62267;0.01437,0.59657;0.04879,0.56355;0.03486,0.6044;0.0119,0.57829;0.0273,0.53227;0.02747,0.64075;0.00845,0.62834;0.00219,0.64372;0.01047,0.70512;0.00713,0.69965;0.01293,0.5877;0.01665
Sepsis_log,Recall,0.62449;0.03099,0.63731;0.00538,0.5523;0.02124,0.59336;0.00582,0.58477;0.00561,0.49223;0.03899,0.62684;0.00639,0.59631;0.03333,0.55907;0.05087,0.59278;0.00818,0.55254;0.02916,0.54289;0.00675,0.55767;0.00978,0.54744;0.00694,0.50102;0.01114,0.48283;0.00778,0.48257;0.01013,0.43253;0.01193
Sepsis_log,F1,0.61168;0.03341,0.62391;0.00288,0.51413;0.03658,0.57242;0.0045,0.57573;0.00342,0.4617;0.04219,0.61764;0.01104,0.58028;0.04401,0.52974;0.05141,0.58609;0.00895,0.51778;0.0405,0.52362;0.01118,0.5927;0.00875,0.58169;0.00494,0.55544;0.01086,0.55565;0.00657,0.55442;0.00946,0.4869;0.01212
Sepsis_log,Time,3789.6005;935.02321,4560.85597;658.44499,411.3896;97.81714,120.60846;19.14683,135.9871;17.69523,245.34279;50.39508,1660.22168;318.74766,2257.39542;315.23618,278.25973;88.43551,237.16574;43.74344,234.48713;116.51571,463.08686;74.20407,1.8572;0.11264,4.61253;0.17486,0.04738;0.00965,0.03895;0.00025,0.15095;0.00862,0.02223;0.00066
Traffic_fine,Accuracy,0.81381;0.00041,0.81369;0.00011,0.81152;0.00253,0.81408;7e-05,0.81405;0.00026,0.81357;0.0002,0.81466;1e-05,0.8146;6e-05,0.81461;5e-05,0.81429;0.00011,0.8144;2e-05,0.81429;0.00018,0.81107;0.00052,0.81114;0.0007,0.81095;0.00053,0.81071;0.00075,0.81066;0.00067,0.81076;0.00059
Traffic_fine,Precision,0.80791;0.00142,0.80732;0.00121,0.80537;0.00134,0.80608;0.00059,0.80805;0.00106,0.80811;0.00022,0.80698;5e-05,0.80717;7e-05,0.80713;9e-05,0.80609;0.00064,0.80697;4e-05,0.80634;0.00102,0.81543;0.00495,0.81386;0.00568,0.81169;0.00625,0.81194;0.00543,0.81281;0.00483,0.81346;0.0053
Traffic_fine,Recall,0.81381;0.00041,0.81369;0.00011,0.81152;0.00253,0.81408;7e-05,0.81405;0.00026,0.81357;0.0002,0.81466;1e-05,0.8146;6e-05,0.81461;5e-05,0.81429;0.00011,0.8144;2e-05,0.81429;0.00018,0.81107;0.00052,0.81114;0.0007,0.81095;0.00053,0.81071;0.00075,0.81066;0.00067,0.81076;0.00059
Traffic_fine,F1,0.7562;0.00076,0.75585;0.00048,0.75435;0.0021,0.75687;0.00012,0.75637;0.00105,0.75524;0.0002,0.75782;1e-05,0.7577;0.0001,0.75772;8e-05,0.75737;9e-05,0.75727;2e-05,0.7573;2e-05,0.7524;0.00107,0.75248;0.00102,0.75217;0.00096,0.75177;0.00144,0.75167;0.001,0.75178;0.00099
Traffic_fine,Time,2682.88491;939.53743,2649.61124;116.83034,2051.65465;435.06057,1034.88503;217.20549,952.14642;214.58077,2162.95372;728.28191,4076.40004;2518.65854,3342.54619;474.80547,3966.60772;2855.45031,1809.57016;315.07035,1944.76405;665.49816,3133.30204;559.65902,3.10024;0.05912,4.91198;0.12294,0.44405;0.00981,0.86392;0.00741,1.52716;0.01741,0.44898;0.00598
name,metric,LSTM_PREPAD_ONEHOT,LSTM_PREPAD_EMBEDDED,LSTM_PREPAD_FREQBASED,LSTM_CONT_ONEHOT,LSTM_CONT_EMBEDDED,LSTM_CONT_FREQBASED,CNN_PREPAD_ONEHOT,CNN_PREPAD_EMBEDDED,CNN_PREPAD_FREQBASED,CNN_CONT_ONEHOT,CNN_CONT_EMBEDDED,CNN_CONT_FREQBASED,DT_PREPAD_ONEHOT,DT_PREPAD_EMBEDDED,DT_PREPAD_FREQBASED,DT_CONT_ONEHOT,DT_CONT_EMBEDDED,DT_CONT_FREQBASED
